,0,1
0,['的'],['uj']
1,['和'],['c']
2,['我们'],['r']
3,['在'],['p']
4,['将'],['d']
5,['并'],['c']
6,['经济'],['n']
7,['全球'],['n']
8,['增长'],['v']
9,['对'],['p']
10,['金融'],['nz']
11,['发展'],['vn']
12,['国际'],['n']
13,['承诺'],['v']
14,['以'],['p']
15,['可'],['v']
16,['支持'],['v']
17,['年'],['m']
18,['为'],['p']
19,['国家'],['n']
20,['持续'],['vd']
21,['加强'],['v']
22,['包括'],['v']
23,['是'],['v']
24,['政策'],['n']
25,['二'],['m']
26,"['二', '十国集团']","['m', 'nt']"
27,['促进'],['v']
28,['就业'],['v']
29,['市场'],['n']
30,['峰会'],['n']
31,['改革'],['vn']
32,['合作'],['vn']
33,['到'],['v']
34,['与'],['p']
35,['稳定'],['a']
36,['继续'],['v']
37,['欢迎'],['v']
38,['报告'],['n']
39,['工作'],['vn']
40,['上'],['f']
41,['投资'],['vn']
42,['通过'],['p']
43,['采取'],['v']
44,['落实'],['a']
45,['提高'],['v']
46,['月'],['m']
47,['措施'],['n']
48,['其'],['r']
49,['中'],['f']
50,['方面'],['n']
51,['监管'],['vn']
52,['进展'],['vn']
53,['框架'],['n']
54,['实现'],['v']
55,['行动'],['vn']
56,['各国'],['r']
57,['贸易'],['vn']
58,['了'],['ul']
59,['风险'],['n']
60,['进行'],['v']
61,['更'],['d']
62,['机构'],['n']
63,['要求'],['v']
64,['以及'],['c']
65,['确保'],['v']
66,['制定'],['v']
67,['国际货币基金组织'],['nt']
68,['应对'],['v']
69,['应'],['v']
70,['融资'],['vn']
71,['相关'],['v']
72,['新'],['a']
73,['认识'],['v']
74,['特别'],['d']
75,['领域'],['n']
76,['评估'],['vn']
77,['基础'],['n']
78,['等'],['u']
79,['提供'],['v']
80,['发展中国家'],['l']
81,['其他'],['r']
82,['银行'],['n']
83,['推动'],['v']
84,['能源'],['n']
85,['有'],['v']
86,['目标'],['n']
87,['能力'],['n']
88,['下'],['f']
89,['影响'],['vn']
90,['同时'],['c']
91,['取得'],['v']
92,['重申'],['v']
93,['原则'],['n']
94,['重要'],['a']
95,['所有'],['b']
96,['建立'],['v']
97,['问题'],['n']
98,['实施'],['v']
99,['有关'],['vn']
100,['会议'],['n']
101,['进一步'],['d']
102,['平衡'],['a']
103,['基础设施'],['n']
104,['不'],['d']
105,['危机'],['n']
106,['行动计划'],['n']
107,['呼吁'],['v']
108,['及'],['c']
109,['标准'],['n']
110,['联合国'],['nt']
111,['开发'],['v']
112,['需要'],['v']
113,['鼓励'],['v']
114,['就'],['d']
115,['有效'],['a']
116,['重要性'],['n']
117,['包容性'],['n']
118,['努力'],['ad']
119,['向'],['p']
120,['理事会'],['n']
121,['上述'],['b']
122,['所'],['c']
123,['这些'],['r']
124,['致力于'],['n']
125,['社会'],['n']
126,['挑战'],['vn']
127,['组织'],['v']
128,['根据'],['p']
129,['金融机构'],['n']
130,['倡议'],['n']
131,['地'],['uv']
132,['共同'],['d']
133,['解决'],['v']
134,['同意'],['d']
135,['复苏'],['v']
136,['强劲'],['a']
137,['建议'],['n']
138,['经合组织'],['nt']
139,['开展'],['v']
140,['关于'],['p']
141,['计划'],['n']
142,['成员'],['n']
143,['也'],['d']
144,['已'],['d']
145,['增加'],['v']
146,['透明度'],['n']
147,['多边'],['r']
148,['机制'],['n']
149,['11'],['m']
150,['2011'],['m']
151,['创造'],['v']
152,['情况'],['n']
153,['增强'],['v']
154,['前'],['f']
155,['体系'],['n']
156,['世界银行'],['nt']
157,['最'],['d']
158,['低收入'],['n']
159,['反腐败'],['v']
160,['作为'],['v']
161,['保护'],['v']
162,['协调'],['v']
163,['作用'],['v']
164,['改善'],['v']
165,['工作组'],['n']
166,['监督'],['vn']
167,['世界'],['nz']
168,['于'],['p']
169,['战略'],['n']
170,['资本'],['n']
171,['必要'],['d']
172,['需求'],['v']
173,['完成'],['v']
174,['考虑'],['v']
175,['财长'],['n']
176,['减少'],['v']
177,['一个'],['m']
178,['国内'],['s']
179,['帮助'],['v']
180,['方式'],['n']
181,['该'],['r']
182,['或'],['c']
183,"['这', '一']","['r', 'm']"
184,['这'],['r']
185,['财政'],['n']
186,['期待'],['v']
187,['金融体系'],['n']
188,['资源'],['n']
189,['论坛'],['n']
190,['强调'],['v']
191,['创新'],['v']
192,['份额'],['n']
193,['腐败'],['an']
194,['气候变化'],['n']
195,['同'],['p']
196,['新兴'],['b']
197,['资金'],['n']
198,['经济体'],['n']
199,['农业'],['n']
200,['税收'],['n']
201,['议程'],['n']
202,['成果'],['n']
203,['使'],['v']
204,['项目'],['n']
205,['6'],['x']
206,['参与'],['v']
207,['技术'],['n']
208,['审议'],['v']
209,['提出'],['v']
210,['系统'],['n']
211,['进程'],['n']
212,['信息'],['n']
213,['建设'],['vn']
214,['区域'],['n']
215,['为此'],['r']
216,['环境'],['n']
217,['公约'],['n']
218,['执行'],['v']
219,['主要'],['b']
220,['水平'],['n']
221,['保持'],['v']
222,['带来'],['v']
223,['金融市场'],['n']
224,['透明'],['v']
225,['更好'],['d']
226,['全面'],['n']
227,['日'],['m']
228,['央行'],['j']
229,['各自'],['r']
230,['具有'],['v']
231,['提交'],['v']
232,['未来'],['t']
233,['长期'],['d']
234,['但'],['c']
235,['扩大'],['v']
236,['内'],['n']
237,['及其'],['c']
238,['2010'],['m']
239,['发挥'],['v']
240,['教育'],['vn']
241,['决定'],['v']
242,['3'],['x']
243,['包容'],['v']
244,['多'],['m']
245,['举措'],['v']
246,['粮食安全'],['l']
247,['领导人'],['n']
248,['研究'],['vn']
249,['必须'],['d']
250,['避免'],['v']
251,['还'],['d']
252,['面临'],['v']
253,['现有'],['b']
254,['保护主义'],['n']
255,['高质量'],['n']
256,['工具'],['n']
257,['来'],['v']
258,['谈判'],['vn']
259,['推进'],['v']
260,['1'],['x']
261,['行长'],['n']
262,['注意'],['v']
263,['打击'],['v']
264,['讨论'],['v']
265,['行为'],['v']
266,['已经'],['d']
267,['中小企业'],['j']
268,['2'],['x']
269,['成员国'],['n']
270,['达成'],['v']
271,['结构'],['n']
272,['贫困'],['a']
273,['私人'],['n']
274,['辖区'],['n']
275,['共识'],['n']
276,['中期'],['t']
277,['资产'],['n']
278,['4'],['x']
279,['波动'],['vn']
280,['都'],['d']
281,['关键'],['n']
282,['使用'],['v']
283,['而'],['c']
284,['过度'],['n']
285,['伙伴关系'],['n']
286,['技能'],['n']
287,['降低'],['v']
288,['具体'],['a']
289,['们'],['k']
290,['数字'],['n']
291,['在内'],['u']
292,['各'],['r']
293,['要'],['v']
294,['有助于'],['v']
295,['恢复'],['v']
296,['汇率'],['n']
297,['流动'],['vn']
298,['私营部门'],['n']
299,['一致'],['d']
300,['责任'],['n']
301,['安排'],['v']
302,['从'],['p']
303,['更加'],['d']
304,['国情'],['n']
305,['劳动力'],['n']
306,['确定'],['v']
307,['时'],['n']
308,['世贸组织'],['nt']
309,['援助'],['vn']
310,['货币'],['n']
311,['基于'],['p']
312,['今天'],['t']
313,['开放'],['v']
314,['能'],['v']
315,['宣言'],['nr']
316,['治理'],['v']
317,['自愿'],['d']
318,['2012'],['m']
319,['成功'],['a']
320,['对话'],['n']
321,['公共'],['b']
322,['关注'],['v']
323,['后'],['f']
324,['获得'],['v']
325,['结构性'],['n']
326,['绿色'],['n']
327,['企业'],['n']
328,['首尔'],['d']
329,['消除'],['v']
330,['小组'],['n']
331,['需'],['v']
332,['正在'],['t']
333,['9'],['x']
334,['安全'],['an']
335,['广泛'],['a']
336,['监测'],['vn']
337,['举行'],['v']
338,['协议'],['n']
339,['部门'],['n']
340,['非洲'],['ns']
341,['活动'],['vn']
342,['可持续性'],['n']
343,['清洁'],['a']
344,['相互'],['d']
345,['贡献'],['n']
346,['基金'],['n']
347,['金融监管'],['j']
348,['普惠'],['nz']
349,['性'],['n']
350,['有效性'],['n']
351,['债务'],['n']
352,['政府'],['n']
353,['至关重要'],['l']
354,['5'],['x']
355,['规则'],['n']
356,['抗'],['v']
357,['适当'],['a']
358,['委员会'],['n']
359,['法国'],['ns']
360,['反映'],['v']
361,['共享'],['v']
362,['管理'],['vn']
363,['交换'],['v']
364,['决心'],['v']
365,['劳工'],['vn']
366,['强有力'],['n']
367,['青年'],['t']
368,['信贷'],['n']
369,['保证'],['v']
370,['部长'],['n']
371,['调整'],['vn']
372,['对于'],['p']
373,['年底'],['t']
374,['如何'],['r']
375,['社会保障'],['n']
376,['一些'],['m']
377,['采取行动'],['n']
378,['贷款'],['n']
379,['当局'],['n']
380,['平等'],['a']
381,['完善'],['v']
382,['重点'],['n']
383,['当前'],['t']
384,['发达国家'],['l']
385,['分享'],['v']
386,['妇女'],['n']
387,['国际劳工组织'],['nt']
388,['集团'],['n']
389,['流动性'],['n']
390,['模式'],['n']
391,['培训'],['vn']
392,['启动'],['vn']
393,['强化'],['v']
394,['实践'],['v']
395,['因此'],['c']
396,['大宗'],['m']
397,['方法'],['n']
398,['服务'],['vn']
399,['高级别'],['n']
400,['公平'],['n']
401,['国'],['n']
402,['国别'],['n']
403,['核心'],['n']
404,['金融部门'],['n']
405,['生活'],['vn']
406,['薪酬'],['n']
407,['信心'],['n']
408,['一道'],['m']
409,['知识'],['v']
410,['10'],['m']
411,['12'],['m']
412,['持续增长'],['n']
413,['可能'],['v']
414,['利益'],['n']
415,['情报'],['n']
416,['渠道'],['n']
417,['人群'],['n']
418,['授权'],['v']
419,['数据'],['n']
420,['衍生品'],['n']
421,['优先'],['vn']
422,['尤其'],['d']
423,['准备'],['v']
424,['15'],['m']
425,['2013'],['m']
426,['2015'],['m']
427,['脆弱'],['a']
428,['第'],['m']
429,['负责'],['v']
430,['提升'],['v']
431,['系统性'],['n']
432,['主席国'],['n']
433,['做'],['v']
434,['20'],['m']
435,['巴塞尔'],['nr']
436,['不同'],['a']
437,['产品'],['n']
438,['刺激'],['v']
439,['范围'],['n']
440,['加快'],['v']
441,['交易'],['n']
442,['跨境'],['n']
443,['灵活'],['a']
444,['仍'],['zg']
445,['审慎'],['a']
446,['体制'],['n']
447,['下次'],['t']
448,['消费者'],['n']
449,['至'],['p']
450,['最佳'],['z']
451,['最终'],['d']
452,['7'],['x']
453,['变化'],['vn']
454,['表示'],['v']
455,['动员'],['n']
456,['非'],['h']
457,['各方'],['r']
458,['宏观经济'],['n']
459,['会计准则'],['n']
460,['及时'],['c']
461,['价格'],['n']
462,['今年'],['t']
463,['世界贸易组织'],['nt']
464,['他'],['r']
465,['限制'],['v']
466,['以下'],['f']
467,['旨在'],['v']
468,['作出'],['v']
469,['出口'],['vn']
470,['处置'],['v']
471,['地区'],['n']
472,['方案'],['n']
473,['分析'],['vn']
474,['货币政策'],['n']
475,['机会'],['n']
476,['结果'],['n']
477,['能够'],['v']
478,['认为'],['v']
479,['韧性'],['n']
480,['失衡'],['a']
481,['迅速'],['ad']
482,['一次'],['m']
483,['一系列'],['m']
484,['亿美元'],['m']
485,['预防'],['v']
486,['正'],['d']
487,['转移'],['v']
488,['做出'],['v']
489,['2018'],['m']
490,['补贴'],['n']
491,['不能'],['v']
492,['充分'],['ad']
493,['存在'],['v']
494,['多哈'],['nrt']
495,['富有'],['v']
496,['积极'],['ad']
497,['劳动'],['vn']
498,['美国'],['ns']
499,['批准'],['v']
500,['潜力'],['n']
501,['潜在'],['t']
502,['全球化'],['n']
503,['商品'],['n']
504,['维护'],['v']
505,['卫生'],['an']
506,['形成'],['v']
507,['由'],['p']
508,['造成'],['v']
509,['2014'],['m']
510,['采取措施'],['nr']
511,['成为'],['v']
512,['次'],['q']
513,['导致'],['v']
514,['发达'],['v']
515,['机遇'],['n']
516,['利用'],['n']
517,['任'],['r']
518,['世行'],['n']
519,['稳健'],['a']
520,['8'],['x']
521,['产生'],['n']
522,['场外'],['s']
523,['出现'],['v']
524,['方'],['n']
525,['符合'],['v']
526,['共同努力'],['l']
527,['化石'],['n']
528,['减贫'],['v']
529,['金融危机'],['n']
530,['联合'],['v']
531,['粮食'],['n']
532,['能效'],['n']
533,['平台'],['n']
534,['商业'],['n']
535,['双边'],['n']
536,['效率'],['n']
537,['形式'],['n']
538,['移民'],['n']
539,['之'],['u']
540,['之间'],['f']
541,['中国'],['ns']
542,['14'],['m']
543,['19'],['m']
544,['不足'],['a']
545,['差距'],['n']
546,['充足'],['a']
547,['从而'],['c']
548,['代表性'],['n']
549,['定期'],['vn']
550,['兑现'],['v']
551,['多边贸易'],['l']
552,['多伦多'],['nrt']
553,['防止'],['v']
554,['巩固'],['v']
555,"['核', '可']","['n', 'v']"
556,['近期'],['t']
557,['评级'],['vn']
558,['千年'],['m']
559,['认可'],['v']
560,['日本'],['ns']
561,['生产力'],['n']
562,['圣彼得堡'],['ns']
563,['失业'],['n']
564,['石油'],['n']
565,['显著'],['a']
566,['协定'],['v']
567,['严重'],['a']
568,['一部分'],['m']
569,['以来'],['f']
570,['因素'],['n']
571,['有利于'],['v']
572,['转型'],['n']
573,['做法'],['v']
574,['16'],['m']
575,['按照'],['p']
576,['发布'],['v']
577,['繁荣'],['a']
578,['核准'],['n']
579,['良好'],['a']
580,['履行'],['v']
581,['民众'],['n']
582,['墨西哥'],['ns']
583,['全球性'],['n']
584,['燃料'],['n']
585,['设立'],['v']
586,['条件'],['n']
587,['统一'],['vn']
588,['效应'],['n']
589,['雄心'],['n']
590,['许多'],['m']
591,['寻求'],['v']
592,['逐步'],['d']
593,['最大'],['a']
594,['巴黎'],['ns']
595,['诚信'],['nz']
596,['大幅'],['d']
597,['敦促'],['v']
598,['法律'],['n']
599,['感谢'],['v']
600,['高'],['a']
601,['规模'],['n']
602,['会'],['v']
603,['贿赂'],['v']
604,['间'],['f']
605,['经验'],['n']
606,['跨年度'],['n']
607,['明确'],['ad']
608,['期间'],['f']
609,['人民'],['n']
610,"['日', '至']","['m', 'p']"
611,['生产'],['vn']
612,['识别'],['v']
613,['收入'],['v']
614,['缩小'],['v']
615,['问责'],['nz']
616,['拥有'],['v']
617,['运行'],['v']
618,['再次'],['d']
619,['政策措施'],['n']
620,['重大'],['a']
621,['2009'],['m']
622,['2030'],['m']
623,['把'],['p']
624,['财政部长'],['n']
625,['层面'],['n']
626,['此'],['zg']
627,['得到'],['v']
628,['反对'],['d']
629,['改进'],['v']
630,['基金组织'],['nt']
631,['加入'],['v']
632,['价值'],['n']
633,['价值链'],['n']
634,['可以'],['c']
635,['匹兹堡'],['ns']
636,['气候'],['n']
637,['取消'],['v']
638,['通信'],['j']
639,['维持'],['v']
640,['信用'],['n']
641,['形势'],['n']
642,['一'],['m']
643,['一致性'],['n']
644,['影子'],['n']
645,['再'],['d']
646,['之前'],['f']
647,['18'],['m']
648,['31'],['m']
649,['2016'],['m']
650,['安全网'],['nz']
651,['补充'],['v']
652,['不断'],['d']
653,['财政政策'],['n']
654,['冲击'],['vn']
655,['脆弱性'],['n']
656,['大会'],['n']
657,['高级'],['b']
658,['公司'],['n']
659,['关键作用'],['n']
660,['关系'],['n']
661,['国际标准'],['n']
662,['坚定'],['a']
663,['检查'],['vn']
664,['金融服务'],['n']
665,['均'],['d']
666,['可及'],['c']
667,['利润'],['n']
668,['廉洁'],['a']
669,['贸发'],['vn']
670,['年前'],['t']
671,['欧元区'],['ns']
672,['贫困人口'],['n']
673,['其中'],['r']
674,['前景'],['n']
675,['任何'],['r']
676,['如'],['v']
677,['适应'],['v']
678,['同行'],['j']
679,['一体化'],['l']
680,['账户'],['n']
681,['召开'],['v']
682,['针对'],['p']
683,['整顿'],['m']
684,['政治'],['n']
685,['指导'],['n']
686,['指南'],['n']
687,['质量'],['n']
688,['主席'],['n']
689,['组成'],['v']
690,['遵守'],['v']
691,['13'],['m']
692,['21'],['m']
693,['26'],['m']
694,['2008'],['m']
695,['程序'],['n']
696,['创新型'],['n']
697,['风险管理'],['n']
698,['个'],['q']
699,['各种'],['r']
700,['给'],['p']
701,['更新'],['d']
702,['公报'],['n']
703,['公开'],['ad']
704,['公式'],['n']
705,['官员'],['n']
706,['规划'],['n']
707,['合作伙伴'],['n']
708,['回合'],['v']
709,['加大'],['v']
710,['流离失所'],['n']
711,['女性'],['n']
712,['且'],['zg']
713,['取得成功'],['i']
714,['全面落实'],['i']
715,['损失'],['n']
716,['探讨'],['v']
717,['投资者'],['n']
718,['完全'],['ad']
719,['威胁'],['vn']
720,['为了'],['p']
721,['协商'],['n']
722,['已有'],['v']
723,['以便'],['c']
724,['证监会'],['j']
725,['自动'],['vn']
726,['24'],['m']
727,['25'],['m']
728,['本国'],['r']
729,['此外'],['c']
730,['大规模'],['b']
731,['担任'],['v']
732,['得以'],['v']
733,['短期'],['b']
734,['工商'],['n']
735,['公共财政'],['nt']
736,['过程'],['n']
737,['海洋'],['ns']
738,['韩国'],['ns']
739,['活力'],['n']
740,['竞争'],['vn']
741,['开始'],['v']
742,['快速'],['d']
743,['例如'],['v']
744,['灵活性'],['n']
745,['满足'],['v']
746,['那些'],['r']
747,['披露'],['v']
748,['贫穷'],['a']
749,['清算'],['v']
750,['人道主义'],['n']
751,['如果'],['c']
752,['税基'],['n']
753,['条款'],['n']
754,['外部'],['f']
755,['现代化'],['vn']
756,['协助'],['v']
757,['一步'],['m']
758,['一切'],['r']
759,['依然'],['d']
760,['有力'],['n']
761,['赞赏'],['v']
762,['职能'],['n']
763,['至少'],['d']
764,['中心'],['n']
765,['综合'],['nz']
766,['尊重'],['a']
767,['17'],['m']
768,['27'],['m']
769,['29'],['m']
770,['30'],['m']
771,['2019'],['m']
772,['保障'],['v']
773,['被'],['p']
774,['便利化'],['v']
775,['部分'],['n']
776,['筹集'],['v']
777,['抵御'],['v']
778,['缔约方'],['n']
779,['动力'],['nz']
780,['独立'],['v']
781,['额外'],['b']
782,['发起'],['v']
783,['反洗钱'],['v']
784,['好'],['a']
785,['环境保护'],['n']
786,['伙伴'],['n']
787,['获取'],['v']
788,['基本面'],['n']
789,['戛纳'],['ns']
790,['健康'],['a']
791,['经常'],['d']
792,['举办'],['v']
793,"['卡', '沃斯']","['n', 'nrf']"
794,['联盟'],['j']
795,['流行病'],['n']
796,['洛斯'],['ns']
797,['目前'],['t']
798,['内部'],['f']
799,['能源安全'],['nr']
800,['扭曲'],['v']
801,['瓶颈'],['n']
802,['人'],['n']
803,['弱势群体'],['i']
804,['实体'],['n']
805,['市场经济'],['n']
806,['适用'],['v']
807,['体'],['n']
808,['体面'],['n']
809,['网络'],['n']
810,['未'],['d']
811,['相一致'],['d']
812,['研发'],['j']
813,['意义'],['n']
814,['银行业'],['n']
815,['盈余'],['n']
816,['找到'],['v']
817,['主权'],['n']
818,['状况'],['n']
819,['自身'],['r']
820,['作出贡献'],['n']
821,['28'],['m']
822,['布里斯班'],['nrt']
823,['参与者'],['n']
824,['储备'],['vn']
825,['磋商'],['vn']
826,['低效'],['a']
827,['更具'],['v']
828,['规定'],['n']
829,['合适'],['a']
830,['汇报'],['nz']
831,['结束'],['v']
832,['来源'],['n']
833,['浪费'],['n']
834,['理解'],['v']
835,['目的'],['n']
836,['难民'],['n']
837,['欧洲'],['ns']
838,['侵蚀'],['v']
839,['群体'],['n']
840,['人力资源'],['n']
841,['任务'],['n']
842,['生产率'],['n']
843,['时间表'],['n']
844,['手段'],['n']
845,['署'],['ng']
846,['他们'],['r']
847,['它们'],['r']
848,['性别'],['n']
849,['邀请'],['v']
850,['障碍'],['n']
851,['整体'],['n']
852,['指标'],['n']
853,['制度'],['n']
854,['重新'],['a']
855,['22'],['m']
856,['超过'],['v']
857,['成本'],['n']
858,['程度'],['n']
859,['储蓄'],['n']
860,['创业'],['n']
861,['奠定'],['v']
862,['返还'],['v']
863,['防范'],['v']
864,['非常'],['d']
865,['负担'],['v']
866,['公布'],['v']
867,['构建'],['v']
868,['汉堡'],['ns']
869,['宏观'],['n']
870,['尽快'],['d']
871,['竞争力'],['n']
872,['联系'],['n']
873,['路线图'],['n']
874,['伦敦'],['ns']
875,['纳入'],['v']
876,['前提'],['n']
877,['人口'],['n']
878,['审查'],['vn']
879,['石油输出国组织'],['nt']
880,['首次'],['m']
881,['税务'],['n']
882,['探索'],['v']
883,['文件'],['n']
884,['信任'],['n']
885,['型'],['k']
886,['选择'],['v']
887,['议题'],['n']
888,['营养'],['n']
889,['优惠'],['vn']
890,"['这', '是']","['r', 'v']"
891,['针对性'],['n']
892,['主导'],['b']
893,['阻碍'],['v']
894,['最低'],['a']
895,['最新'],['d']
896,['23'],['m']
897,['安塔利亚'],['ns']
898,['背景'],['n']
899,['采用'],['v']
900,['成立'],['v']
901,['赤字'],['n']
902,['此前'],['t']
903,['大'],['a']
904,['倒'],['v']
905,['杠杆'],['n']
906,['岗位'],['n']
907,['给予'],['v']
908,['更为'],['d']
909,['公私'],['n']
910,['共同行动'],['l']
911,['规范'],['n']
912,['合法性'],['n']
913,['基本'],['n']
914,['监管者'],['n']
915,['交流'],['n']
916,['结合'],['v']
917,['紧急'],['a']
918,['克服'],['v']
919,['力度'],['n']
920,['排放'],['v']
921,['确认'],['v']
922,['仍然'],['d']
923,['商品价格'],['n']
924,['十分'],['m']
925,['时代'],['n']
926,['时期'],['n']
927,['实质性'],['n']
928,['世界卫生组织'],['nt']
929,['是否'],['v']
930,['受'],['v']
931,['受益'],['v']
932,['数据库'],['n']
933,['数字化'],['n']
934,['损害'],['v']
935,['体现'],['v']
936,['投票权'],['n']
937,['相聚'],['v']
938,['效果'],['n']
939,['一套'],['m']
940,['应当'],['v']
941,['预测'],['vn']
942,['运作'],['vn']
943,['再生能源'],['l']
944,['这方面'],['mq']
945,['着'],['uz']
946,['指示'],['v']
947,['专家'],['n']
948,['自'],['p']
949,['自主'],['v']
950,['总'],['b']
951,['作'],['v']
952,['2017'],['m']
953,['壁垒'],['n']
954,['避税'],['v']
955,['部长级'],['n']
956,['出台'],['v']
957,['大量'],['n']
958,['低'],['a']
959,['多样性'],['l']
960,['发生'],['v']
961,['负面影响'],['n']
962,['附件'],['n']
963,['改革方案'],['n']
964,['感兴趣'],['n']
965,['高效'],['a']
966,['工作进展'],['l']
967,['华盛顿'],['ns']
968,['汇款'],['n']
969,['激励'],['v']
970,['集体'],['n']
971,['集中'],['v']
972,['紧密'],['a']
973,['精神'],['n']
974,['就此'],['d']
975,['可靠'],['v']
976,['恐怖主义'],['n']
977,['名单'],['n']
978,['能源技术'],['n']
979,['培育'],['vn']
980,['破产'],['v']
981,['其它'],['r']
982,['缺乏'],['v']
983,['让'],['v']
984,['设计'],['vn']
985,['深化'],['j']
986,['受到'],['v']
987,['提款权'],['n']
988,['天然气'],['nz']
989,['同样'],['d']
990,['土耳其'],['ns']
991,['推广'],['v']
992,['稳定性'],['n']
993,['无法'],['n']
994,['吸引'],['v']
995,['希望'],['v']
996,['洗钱'],['v']
997,['相应'],['v']
998,['选项'],['n']
999,['压力'],['n']
1000,['延长'],['v']
1001,['药物'],['n']
1002,['一项'],['m']
1003,['以此'],['c']
1004,['益处'],['nz']
1005,['应该'],['v']
1006,['用于'],['v']
1007,['攸关'],['ns']
1008,['占'],['v']
1009,['甄别'],['v']
1010,['职责'],['n']
1011,['足够'],['v']
1012,['必要措施'],['n']
1013,['步骤'],['n']
1014,['参考性'],['n']
1015,['承担'],['v']
1016,['处于'],['v']
1017,['创新性'],['n']
1018,"['大', '而']","['a', 'c']"
1019,['俄罗斯'],['ns']
1020,['非法'],['b']
1021,['非正式'],['b']
1022,['分配'],['vn']
1023,['负担得起'],['l']
1024,['复杂'],['a']
1025,['干预'],['v']
1026,['根源'],['n']
1027,['公共部门'],['n']
1028,['公平竞争'],['l']
1029,['公众'],['n']
1030,['供给'],['vn']
1031,['沟通'],['v']
1032,['国际金融'],['n']
1033,['过去'],['t']
1034,['涵盖'],['v']
1035,['杭州'],['ns']
1036,['加剧'],['v']
1037,['加速'],['v']
1038,['架构'],['n']
1039,['接受'],['v']
1040,['解决方案'],['n']
1041,['尽管'],['c']
1042,['紧急行动'],['l']
1043,['进入'],['v']
1044,['具备'],['v']
1045,['抗菌'],['n']
1046,['扩展'],['v']
1047,['立即'],['d']
1048,['冒险'],['n']
1049,['每个'],['r']
1050,['免受'],['v']
1051,['面向'],['n']
1052,['南南合作'],['ns']
1053,['起'],['v']
1054,['恰当'],['d']
1055,['日前'],['t']
1056,['融入'],['v']
1057,['生物'],['n']
1058,['实际'],['n']
1059,['实行'],['v']
1060,['司法'],['n']
1061,['通报'],['n']
1062,['投融资'],['n']
1063,['外国'],['ns']
1064,['相信'],['v']
1065,['协调一致'],['i']
1066,['修复'],['v']
1067,['宣布'],['v']
1068,['学习'],['v']
1069,['严格'],['ad']
1070,['要素'],['n']
1071,['一份'],['m']
1072,['一种'],['m']
1073,['银行资本'],['n']
1074,['预期'],['vn']
1075,['月份'],['n']
1076,['运用'],['vn']
1077,['责成'],['v']
1078,['者'],['k']
1079,['整个'],['b']
1080,['制订'],['v']
1081,['重视'],['v']
1082,['自由化'],['vn']
1083,['自由贸易'],['l']
1084,['本币'],['n']
1085,"['并', '于']","['c', 'p']"
1086,['不会'],['v']
1087,['不确定性'],['n']
1088,['布宜诺斯艾利斯'],['ns']
1089,['筹资'],['vn']
1090,['初步'],['d']
1091,"['促', '贸']","['v', 'vn']"
1092,['地位'],['n']
1093,['董会'],['n']
1094,['动荡'],['v']
1095,['遏制'],['v']
1096,['发挥作用'],['n']
1097,['发言权'],['l']
1098,['反恐'],['v']
1099,['个人'],['n']
1100,['供应链'],['nz']
1101,['很'],['zg']
1102,['衡量'],['v']
1103,['获益'],['v']
1104,['即'],['v']
1105,['集体行动'],['n']
1106,['家庭'],['n']
1107,['坚持'],['v']
1108,['减缓'],['v']
1109,['鉴于'],['p']
1110,['借贷'],['n']
1111,['竞争性'],['n']
1112,['纠正'],['v']
1113,['巨大'],['a']
1114,['拒绝'],['v']
1115,['决策'],['n']
1116,['坎昆'],['ns']
1117,['科学'],['n']
1118,['控制'],['v']
1119,['立法'],['d']
1120,['贸易协定'],['nz']
1121,['没有'],['v']
1122,['内容'],['n']
1123,['普遍'],['ad']
1124,['契约'],['ns']
1125,['请'],['v']
1126,['区别'],['n']
1127,['全面实施'],['n']
1128,['权重'],['n']
1129,['人权'],['n']
1130,['人员'],['n']
1131,['三方'],['m']
1132,['尚未'],['d']
1133,['势头'],['n']
1134,['数量'],['n']
1135,"['所', '作']","['c', 'v']"
1136,['提议'],['v']
1137,['提振'],['nz']
1138,['途径'],['n']
1139,['未能'],['v']
1140,['吸收'],['v']
1141,['下行'],['v']
1142,['相'],['v']
1143,['协会'],['n']
1144,['行为准则'],['n']
1145,['研拟'],['vn']
1146,['一直'],['d']
1147,['预防性'],['n']
1148,['早期'],['t']
1149,['债券市场'],['n']
1150,['之一'],['r']
1151,['执'],['v']
1152,['制约'],['n']
1153,['专家组'],['n']
1154,['自由'],['a']
1155,['总结'],['n']
1156,['组成部分'],['l']
1157,['32'],['m']
1158,['澳大利亚'],['ns']
1159,['包含'],['v']
1160,['保持警惕'],['nr']
1161,['保持一致'],['n']
1162,['保险'],['n']
1163,['比例'],['n']
1164,['便利'],['a']
1165,['表明'],['v']
1166,['步伐'],['n']
1167,['参加'],['v']
1168,['参与率'],['n']
1169,['产出'],['v']
1170,['产能'],['v']
1171,['承受'],['v']
1172,['达到'],['v']
1173,['大型'],['b']
1174,['但是'],['c']
1175,['导向'],['n']
1176,['倒闭'],['v']
1177,['抵制'],['v']
1178,['调查'],['vn']
1179,['对手'],['v']
1180,['分别'],['d']
1181,['分割'],['v']
1182,['负面'],['n']
1183,['负债表'],['n']
1184,['赋权'],['n']
1185,['更大'],['d']
1186,['工商界'],['n']
1187,['工业'],['n']
1188,['工业革命'],['nz']
1189,['关切'],['v']
1190,['官方'],['n']
1191,['鸿沟'],['n']
1192,['互助'],['v']
1193,['缓冲'],['v']
1194,['即将'],['d']
1195,['加拿大'],['ns']
1196,['兼顾'],['v']
1197,['减轻'],['v']
1198,['结论'],['n']
1199,['借款'],['n']
1200,['今后'],['t']
1201,['经济繁荣'],['nr']
1202,['可比性'],['l']
1203,['可信'],['v']
1204,['可用'],['v']
1205,['劳动者'],['n']
1206,['领导'],['n']
1207,['密切'],['ad']
1208,['民间'],['n']
1209,['纳税人'],['n']
1210,['能源部长'],['n']
1211,['年度'],['n']
1212,['破坏'],['v']
1213,['清晰'],['a']
1214,['权利'],['n']
1215,['任命'],['n']
1216,['日益'],['n']
1217,['商定'],['n']
1218,['设置'],['vn']
1219,['声明'],['n']
1220,['私营'],['b']
1221,['随着'],['p']
1222,['所有权'],['n']
1223,['它'],['r']
1224,['务实'],['d']
1225,['限度'],['n']
1226,['消费'],['vn']
1227,['携手'],['v']
1228,['行业'],['n']
1229,['须'],['d']
1230,['严峻'],['a']
1231,['一旦'],['d']
1232,['一年'],['m']
1233,['医疗'],['n']
1234,['依赖'],['v']
1235,['已达成'],['nrt']
1236,['溢出'],['v']
1237,['因'],['p']
1238,['引擎'],['n']
1239,['优化'],['vn']
1240,['友好'],['a']
1241,['予以'],['v']
1242,['愿景'],['nz']
1243,['增进'],['v']
1244,['增资'],['v']
1245,['这样'],['r']
1246,['征管'],['vn']
1247,['整合'],['v']
1248,['知识产权'],['n']
1249,['中央'],['n']
1250,['周期'],['t']
1251,['咨询'],['vn']
1252,['最高'],['a']
1253,['最近'],['f']
1254,['40'],['m']
1255,['42'],['m']
1256,['45'],['m']
1257,['2020'],['m']
1258,['2025'],['m']
1259,['2500'],['m']
1260,['按时'],['d']
1261,['本着'],['p']
1262,['波动性'],['n']
1263,['不可或缺'],['l']
1264,['部长会议'],['n']
1265,['采购'],['v']
1266,['采取任何'],['nr']
1267,['撤出'],['v']
1268,['承认'],['v']
1269,['充分考虑'],['n']
1270,['充分利用'],['n']
1271,['除了'],['p']
1272,['处理'],['v']
1273,['春季'],['t']
1274,['大阪'],['ns']
1275,['代表'],['n']
1276,['第四届'],['m']
1277,['调动'],['vn']
1278,['对此'],['d']
1279,['对外'],['s']
1280,['多元化'],['vn']
1281,['发表'],['v']
1282,['反'],['zg']
1283,['非银行'],['nt']
1284,['扶持'],['v']
1285,['福祉'],['nr']
1286,['负有'],['v']
1287,['高风险'],['n']
1288,['哥本哈根'],['ns']
1289,['更高'],['d']
1290,['公认'],['v']
1291,['公职人员'],['n']
1292,['关税'],['n']
1293,['国际金融公司'],['nt']
1294,['国际贸易'],['nz']
1295,['过剩'],['v']
1296,['还有'],['v']
1297,['很多'],['m']
1298,['后果'],['n']
1299,['极大'],['a']
1300,['加强监督'],['nr']
1301,['加以'],['v']
1302,['降'],['v']
1303,['金融工具'],['n']
1304,['金融业'],['n']
1305,['经济合作与发展组织'],['nt']
1306,['就业机会'],['n']
1307,['局面'],['n']
1308,['科技'],['n']
1309,['空间'],['n']
1310,['跨国'],['n']
1311,['利益冲突'],['n']
1312,['路'],['n']
1313,['履约'],['v']
1314,['率'],['v']
1315,['每年'],['r']
1316,['免'],['v']
1317,['明显'],['a']
1318,['摩擦'],['vn']
1319,['耐药性'],['nz']
1320,['女童'],['n']
1321,['欧盟'],['j']
1322,['配额'],['n']
1323,['期限'],['n']
1324,['气体'],['n']
1325,['签署'],['v']
1326,['前瞻性'],['n']
1327,['切实'],['ad']
1328,['区域开发'],['n']
1329,['趋势'],['n']
1330,['权力'],['n']
1331,['然而'],['c']
1332,['入境'],['n']
1333,['上次'],['t']
1334,['生产总值'],['n']
1335,['失业率'],['n']
1336,['时间'],['n']
1337,['史无前例'],['i']
1338,['世纪'],['n']
1339,['事件'],['n']
1340,['事项'],['n']
1341,['事业'],['n']
1342,['收集'],['v']
1343,['收益'],['n']
1344,['首要'],['b']
1345,['拓展'],['v']
1346,['套利'],['n']
1347,['挑战赛'],['n']
1348,['投入'],['v']
1349,['推行'],['v']
1350,['外'],['f']
1351,['完整'],['a']
1352,['万亿美元'],['m']
1353,['网站'],['n']
1354,['温室'],['n']
1355,['下届'],['b']
1356,['现代'],['t']
1357,['现行'],['n']
1358,['宪章'],['n']
1359,['相对'],['d']
1360,['享有'],['v']
1361,['信托'],['n']
1362,['寻找'],['v']
1363,['一揽子'],['l']
1364,['以期'],['f']
1365,['以上'],['f']
1366,['疫苗'],['n']
1367,['引领'],['v']
1368,['应急'],['vn']
1369,['应用'],['v']
1370,['有序'],['n']
1371,['运转'],['vn']
1372,['则'],['d']
1373,['展望'],['v']
1374,['找出'],['v']
1375,['这种'],['r']
1376,['诊断'],['v']
1377,['证券化'],['n']
1378,['支出'],['v']
1379,['支付'],['v']
1380,['支柱'],['n']
1381,['重大进展'],['nt']
1382,['重建'],['a']
1383,['重组'],['vn']
1384,['抓住'],['v']
1385,['资本金'],['n']
1386,['自己'],['r']
1387,['阻止'],['v']
1388,['最大化'],['nt']
1389,['0.05'],['m']
1390,['33'],['m']
1391,['34'],['m']
1392,['35'],['m']
1393,['36'],['m']
1394,['37'],['m']
1395,['38'],['m']
1396,['39'],['m']
1397,['41'],['m']
1398,['43'],['m']
1399,['44'],['m']
1400,['46'],['m']
1401,['47'],['m']
1402,['48'],['m']
1403,['49'],['m']
1404,['阿根廷'],['nr']
1405,['安全性'],['nr']
1406,['半官方'],['nr']
1407,['保护环境'],['n']
1408,['被迫'],['d']
1409,['比重'],['n']
1410,['必要性'],['l']
1411,['变革'],['vn']
1412,['持久'],['a']
1413,['筹备'],['v']
1414,['出'],['v']
1415,['此次'],['r']
1416,['此基础'],['l']
1417,['此类'],['r']
1418,['代价'],['n']
1419,['当今世界'],['i']
1420,['到位'],['v']
1421,['道德风险'],['n']
1422,['地球'],['n']
1423,['地区性'],['n']
1424,['地缘'],['n']
1425,['第九次'],['m']
1426,['第一阶段'],['t']
1427,['斗争'],['vn']
1428,['段'],['q']
1429,['对冲'],['n']
1430,['多边合作'],['l']
1431,['恶化'],['v']
1432,['儿童'],['n']
1433,['而且'],['c']
1434,['发现'],['v']
1435,['法治'],['n']
1436,['妨碍'],['v']
1437,['放缓'],['v']
1438,['非歧视'],['b']
1439,['港'],['j']
1440,['根本原因'],['n']
1441,['公民'],['n']
1442,['国际清算银行'],['nt']
1443,['合约'],['n']
1444,['核'],['n']
1445,['互相'],['d']
1446,['话语权'],['n']
1447,['惠及'],['ns']
1448,['饥饿'],['n']
1449,['既'],['c']
1450,['坚决'],['ad']
1451,['简化'],['v']
1452,['建设项目'],['n']
1453,"['鉴', '此']","['nr', 'r']"
1454,"['将', '会']","['d', 'v']"
1455,['借助'],['v']
1456,['尽可能'],['d']
1457,['谨慎'],['a']
1458,['经济危机'],['l']
1459,['决定性'],['n']
1460,['均衡'],['a']
1461,['可用资金'],['l']
1462,['恐怖'],['a']
1463,['困难'],['an']
1464,['蓝图'],['nr']
1465,['滥用'],['v']
1466,['了解'],['v']
1467,['类似'],['v']
1468,['累积'],['v']
1469,['粮食价格'],['l']
1470,['量化'],['v']
1471,['列入'],['v']
1472,['临时'],['b']
1473,['零'],['m']
1474,['流程'],['n']
1475,['罗马'],['ns']
1476,['每'],['zg']
1477,['弥合'],['v']
1478,['秘书长'],['n']
1479,['密切合作'],['l']
1480,['明年'],['t']
1481,['农村'],['n']
1482,['平均'],['a']
1483,['期望'],['v']
1484,['企业家'],['n']
1485,['强烈'],['a']
1486,['侨汇'],['n']
1487,['全部'],['n']
1488,['缺口'],['n']
1489,['任期'],['n']
1490,['设定'],['v']
1491,['实质'],['n']
1492,['使命'],['v']
1493,['市场准入'],['n']
1494,['试点'],['n']
1495,['首要任务'],['n']
1496,['虽然'],['c']
1497,['所得'],['v']
1498,['所有人'],['n']
1499,['谈判代表'],['n']
1500,['天堂'],['n']
1501,['头寸'],['n']
1502,['外围'],['f']
1503,['违约'],['v']
1504,['文化'],['n']
1505,['无序'],['n']
1506,['物价'],['n']
1507,['先生'],['n']
1508,['显示'],['v']
1509,['现在'],['t']
1510,['项'],['n']
1511,['循环'],['vn']
1512,['亚的斯亚贝巴'],['ns']
1513,"['一', '国']","['m', 'n']"
1514,['一样'],['r']
1515,['依据'],['p']
1516,['以后'],['f']
1517,['以往'],['t']
1518,['议定书'],['n']
1519,['意识'],['n']
1520,['引发'],['v']
1521,['引入'],['v']
1522,['英国'],['ns']
1523,['营造'],['vn']
1524,['优势'],['n']
1525,['由于'],['c']
1526,['有待'],['v']
1527,['有利'],['a']
1528,['又'],['d']
1529,['与会'],['v']
1530,['原因'],['n']
1531,['允许'],['v']
1532,['增长点'],['n']
1533,['长期投资'],['l']
1534,['这项'],['r']
1535,['着手'],['v']
1536,['争取'],['v']
1537,['正常'],['d']
1538,['直接'],['ad']
1539,['治疗'],['v']
1540,['中央银行'],['nt']
1541,['终身'],['d']
1542,['重演'],['vn']
1543,['诸如'],['nr']
1544,['转轨'],['v']
1545,['转让'],['v']
1546,['准则'],['n']
1547,['资金来源'],['n']
1548,['自然灾害'],['l']
1549,['总体'],['n']
1550,['最后'],['f']
1551,['最为'],['d']
1552,['50'],['m']
1553,['55'],['m']
1554,['57'],['m']
1555,['60'],['m']
1556,['70'],['m']
1557,['80'],['m']
1558,['1000'],['m']
1559,['按'],['p']
1560,['八国集团'],['nt']
1561,['办法'],['n']
1562,['保险机构'],['n']
1563,['本次'],['r']
1564,['比'],['p']
1565,['彼此'],['r']
1566,['贬值'],['v']
1567,['表述'],['v']
1568,['并且'],['c']
1569,['不仅'],['c']
1570,['不可'],['v']
1571,['不利'],['a']
1572,['不再'],['d']
1573,['财产'],['n']
1574,['财富'],['n']
1575,['采掘业'],['n']
1576,['采取有效'],['n']
1577,['测试'],['vn']
1578,['产业'],['n']
1579,['场所'],['n']
1580,['承担责任'],['l']
1581,['冲突'],['vn']
1582,['出售'],['vn']
1583,['创立'],['v']
1584,['创造条件'],['n']
1585,['此后'],['c']
1586,['存款'],['n']
1587,['达成协议'],['nz']
1588,['大额'],['n']
1589,['当'],['t']
1590,['当代'],['t']
1591,['当今'],['t']
1592,['德班'],['ns']
1593,['德国'],['ns']
1594,"['地', '为']","['uv', 'p']"
1595,['低迷'],['v']
1596,['低于'],['v']
1597,['第二阶段'],['t']
1598,['第四'],['m']
1599,['第四次'],['m']
1600,['第一'],['m']
1601,['第一次'],['m']
1602,['电力'],['nz']
1603,['电子'],['nz']
1604,['掉期'],['nz']
1605,"['对', '非']","['p', 'h']"
1606,['对接'],['v']
1607,['恶意'],['v']
1608,['而言'],['c']
1609,['发掘'],['v']
1610,['法人'],['n']
1611,['方向'],['n']
1612,['方在'],['t']
1613,['防备'],['v']
1614,['非常规'],['b']
1615,['非洲开发银行'],['nt']
1616,['服务业'],['n']
1617,['附'],['v']
1618,['附加值'],['n']
1619,['副'],['b']
1620,['覆盖'],['v']
1621,['钢铁'],['nz']
1622,['高标准'],['n']
1623,['高估'],['v']
1624,['各方对'],['l']
1625,['更多更好'],['l']
1626,"['更', '抗']","['d', 'v']"
1627,['工人'],['n']
1628,['工资'],['vn']
1629,['工作岗位'],['n']
1630,['供'],['v']
1631,['共同利益'],['n']
1632,['构成'],['v']
1633,['雇主'],['v']
1634,['管控'],['vn']
1635,['还是'],['c']
1636,['合理'],['vn']
1637,['合力'],['n']
1638,['合同'],['a']
1639,['核能'],['n']
1640,['很大'],['a']
1641,['黄金'],['nz']
1642,['会晤'],['v']
1643,['积累'],['v']
1644,['基石'],['n']
1645,['基准'],['n']
1646,['技术支持'],['n']
1647,['监控'],['vn']
1648,['建设性'],['n']
1649,['健全'],['a']
1650,['交通'],['n']
1651,['交易所'],['nt']
1652,['较'],['zg']
1653,['教训'],['vn']
1654,['阶段'],['n']
1655,['接触'],['v']
1656,['近海'],['f']
1657,['经验交流'],['n']
1658,['经营'],['vn']
1659,['举报人'],['n']
1660,['开放型'],['nz']
1661,['可信度'],['l']
1662,['可行性'],['n']
1663,['客观'],['n']
1664,['跨'],['v']
1665,['跨国企业'],['n']
1666,['扩大内需'],['n']
1667,['扩散'],['v']
1668,['垃圾'],['n']
1669,['拉'],['v']
1670,['拉奎'],['nr']
1671,['来自'],['v']
1672,['濑口'],['ns']
1673,['篮子'],['n']
1674,['劳动生产率'],['n']
1675,['力量'],['n']
1676,['历史'],['n']
1677,['联合国开发计划署'],['nt']
1678,['联合国粮农组织'],['nt']
1679,['联手'],['v']
1680,['联席会议'],['l']
1681,['粮农组织'],['nt']
1682,['流向'],['n']
1683,['迈进'],['v']
1684,['蔓延'],['v']
1685,['哪些'],['r']
1686,['男女'],['n']
1687,['南北'],['ns']
1688,['年轻人'],['n']
1689,['凝聚'],['v']
1690,['期货市场'],['n']
1691,['歧视'],['v']
1692,['歧视性'],['n']
1693,['起草'],['v']
1694,['起来'],['v']
1695,['强大'],['a']
1696,['清'],['t']
1697,['清单'],['a']
1698,['趋同'],['n']
1699,['去年'],['t']
1700,['全体'],['n']
1701,['全体成员'],['n']
1702,['缺陷'],['v']
1703,['确立'],['v']
1704,['人们'],['n']
1705,['认定'],['v']
1706,['容忍'],['a']
1707,['沙特'],['nr']
1708,['上半年'],['t']
1709,['深感'],['a']
1710,['生产国'],['n']
1711,['生命'],['vn']
1712,['时刻'],['n']
1713,['世界粮食计划署'],['nt']
1714,['世卫'],['n']
1715,['适时'],['ad']
1716,['适应能力'],['n']
1717,['释放'],['v']
1718,['水'],['n']
1719,['顺'],['p']
1720,['私人资本'],['n']
1721,['塑造'],['v']
1722,['所有者'],['c']
1723,['特殊'],['a']
1724,['体育'],['nz']
1725,['条例'],['n']
1726,['同步'],['d']
1727,['突然'],['ad']
1728,['团结一致'],['i']
1729,['退出'],['v']
1730,['完整性'],['n']
1731,['萎缩'],['v']
1732,['问责制'],['n']
1733,['无论'],['c']
1734,['希腊'],['ns']
1735,['细化'],['n']
1736,['陷入'],['v']
1737,['相结合'],['v']
1738,['消费国'],['n']
1739,['协调性'],['n']
1740,['新型'],['b']
1741,['信息系统'],['n']
1742,['行政'],['n']
1743,['序言'],['n']
1744,['削弱'],['v']
1745,['研讨会'],['n']
1746,['一点'],['m']
1747,['一方面'],['mq']
1748,['一起'],['m']
1749,['依旧'],['z']
1750,['以南'],['f']
1751,['议定'],['v']
1752,['意愿'],['n']
1753,['隐私'],['b']
1754,['应有'],['v']
1755,['营养不良'],['l']
1756,['影响力'],['n']
1757,['用品'],['n']
1758,['赞同'],['v']
1759,['战略性'],['n']
1760,['彰显'],['v']
1761,['征收'],['v']
1762,['征税'],['v']
1763,['正式'],['ad']
1764,['证明'],['n']
1765,['之后'],['f']
1766,['执法'],['v']
1767,['职业'],['n']
1768,['中小'],['j']
1769,['周期性'],['n']
1770,['主办'],['b']
1771,['主义'],['n']
1772,['注入'],['v']
1773,['专门'],['n']
1774,['转变'],['v']
1775,['撰写'],['v']
1776,['准确'],['a']
1777,['资助'],['n']
1778,['自愿性'],['n']
1779,['自主权'],['n']
1780,['总需求'],['n']
1781,['0.02'],['m']
1782,['0.03'],['m']
1783,['0.25'],['m']
1784,['51'],['m']
1785,['52'],['m']
1786,['53'],['m']
1787,['54'],['m']
1788,['56'],['m']
1789,['58'],['m']
1790,['59'],['m']
1791,['61'],['m']
1792,['62'],['m']
1793,['63'],['m']
1794,['64'],['m']
1795,['65'],['m']
1796,['66'],['m']
1797,['67'],['m']
1798,['68'],['m']
1799,['69'],['m']
1800,['71'],['m']
1801,['72'],['m']
1802,['73'],['m']
1803,['74'],['m']
1804,['2005'],['m']
1805,['2050'],['m']
1806,['5000'],['m']
1807,['7500'],['m']
1808,['巴厘'],['ns']
1809,['柏林'],['nr']
1810,['半导体'],['n']
1811,['报酬'],['n']
1812,['爆发'],['v']
1813,['被窃'],['v']
1814,['本'],['r']
1815,['必需'],['v']
1816,['变动'],['vn']
1817,['表现'],['v']
1818,"['并', '视情']","['c', 'n']"
1819,['不当'],['d']
1820,['不负责任'],['l']
1821,['不遗余力'],['l']
1822,['才能'],['v']
1823,['采纳'],['v']
1824,['参考'],['v']
1825,['参与度'],['n']
1826,['参与方'],['n']
1827,['操作'],['v']
1828,['差额'],['n']
1829,['差异'],['n']
1830,['常规'],['n']
1831,['彻底'],['ad']
1832,['城市'],['ns']
1833,['充分就业'],['l']
1834,['初期'],['t']
1835,['传导'],['n']
1836,['此项工作'],['l']
1837,['促使'],['v']
1838,['错配'],['v']
1839,['打破'],['v']
1840,['打造'],['v']
1841,['大部分'],['m']
1842,['大多数'],['m']
1843,['代表权'],['n']
1844,['带动'],['v']
1845,['待'],['v']
1846,['单独'],['d']
1847,['单个'],['b']
1848,['担忧'],['v']
1849,['当务之急'],['i']
1850,['低估'],['v']
1851,['第二'],['m']
1852,['第三'],['m']
1853,['第三次'],['m']
1854,['第十次'],['m']
1855,['第十五次'],['m']
1856,['东道国'],['ns']
1857,['动态'],['n']
1858,['动用'],['n']
1859,['对付'],['vn']
1860,['法规'],['n']
1861,['法律效力'],['n']
1862,['反复'],['v']
1863,['反应'],['vn']
1864,['犯罪'],['vn']
1865,['泛美'],['j']
1866,['贩运'],['v']
1867,['费用'],['n']
1868,['丰富'],['a']
1869,['福利'],['ns']
1870,['辅以'],['v']
1871,['附加'],['v']
1872,['干扰'],['v']
1873,['高度'],['n']
1874,['高水平'],['nr']
1875,['高速'],['d']
1876,['格局'],['n']
1877,['各项'],['r']
1878,['跟踪'],['v']
1879,"['更', '富']","['d', 'a']"
1880,['工商业'],['j']
1881,['公共卫生'],['n']
1882,['公共政策'],['n']
1883,['公平性'],['n']
1884,['公信力'],['n']
1885,['功能'],['n']
1886,['供应'],['vn']
1887,['估价'],['n']
1888,['估值'],['n']
1889,['雇佣'],['v']
1890,['国民'],['n']
1891,['国内外'],['s']
1892,['国外'],['s']
1893,['果断'],['d']
1894,['过渡'],['v']
1895,['过渡期'],['n']
1896,"['过', '高']","['ug', 'a']"
1897,['海地'],['s']
1898,['海洋环境'],['l']
1899,['互联网'],['n']
1900,['化'],['n']
1901,['环节'],['n']
1902,['货币贬值'],['vn']
1903,['迹象'],['n']
1904,['积极参与'],['i']
1905,['激励机制'],['n']
1906,['极度'],['d']
1907,['疾病'],['n']
1908,['几乎'],['d']
1909,['几年'],['m']
1910,['季度'],['n']
1911,['继续加强'],['n']
1912,['加倍努力'],['nr']
1913,['加深'],['v']
1914,['加以解决'],['l']
1915,['价值观'],['n']
1916,['简单'],['a']
1917,['交易市场'],['n']
1918,['介入'],['v']
1919,['金融风险'],['n']
1920,['金融公司'],['n']
1921,['尽早'],['d']
1922,['尽职'],['v']
1923,['紧张'],['a']
1924,['进步'],['d']
1925,['进而'],['c']
1926,['经过'],['p']
1927,['经济实体'],['n']
1928,['就是'],['d']
1929,['具名'],['v']
1930,['具体措施'],['n']
1931,['具体情况'],['l']
1932,['聚焦'],['v']
1933,['捐助'],['v']
1934,['决议'],['n']
1935,['开发新'],['nz']
1936,['勘探'],['vn']
1937,['可能性'],['n']
1938,['可行'],['v']
1939,['可预见性'],['l']
1940,['肯定'],['v']
1941,['宽松'],['a']
1942,['拉动'],['v']
1943,['历史性'],['n']
1944,['联合声明'],['l']
1945,['两个'],['m']
1946,['两年'],['m']
1947,['列举'],['v']
1948,['领导力'],['n']
1949,['令人'],['nrt']
1950,['流出'],['v']
1951,['流入'],['v']
1952,['流行'],['v']
1953,['迈出'],['v']
1954,['贸易部长'],['n']
1955,['面对'],['v']
1956,['南'],['ns']
1957,['内需'],['n']
1958,['内在'],['b']
1959,['能源供应'],['n']
1960,['逆'],['vg']
1961,['年代'],['t']
1962,['年度报告'],['n']
1963,['农业部长'],['n']
1964,['努力实现'],['nr']
1965,['泡沫'],['n']
1966,['培养'],['v']
1967,['欺诈'],['vn']
1968,['起到'],['v']
1969,['汽车'],['nz']
1970,['前言'],['n']
1971,['强健'],['a']
1972,['请求'],['v']
1973,['庆州'],['ns']
1974,['穷国'],['n']
1975,['求职'],['v']
1976,['全'],['a']
1977,['全力支持'],['n']
1978,['全世界'],['n']
1979,['全文'],['n']
1980,['缺失'],['v']
1981,['确信'],['v']
1982,['扰乱'],['v']
1983,['热烈欢迎'],['i']
1984,['人类'],['n']
1985,['日内瓦'],['ns']
1986,['融合'],['vn']
1987,['如下'],['t']
1988,['若'],['c']
1989,['撒哈拉'],['nrt']
1990,"['三', '大']","['m', 'a']"
1991,['三年'],['m']
1992,['森林'],['n']
1993,['社区'],['n']
1994,['涉及'],['v']
1995,['生态'],['n']
1996,['生态系统'],['l']
1997,['剩余'],['v']
1998,['失业问题'],['n']
1999,['石油价格'],['n']
2000,['时候'],['n']
2001,['事故'],['n']
2002,['适合'],['v']
2003,['收回'],['v']
2004,['收获'],['v']
2005,['收支平衡'],['i']
2006,['受益人'],['n']
2007,['数个'],['m']
2008,['水利'],['n']
2009,['税'],['n']
2010,['税收政策'],['n']
2011,['四个'],['m']
2012,['随后'],['d']
2013,['索贿'],['v']
2014,['锁定'],['v']
2015,['坦诚'],['a']
2016,['探寻'],['v']
2017,['碳'],['n']
2018,['逃税'],['v']
2019,['特定'],['d']
2020,['特征'],['n']
2021,['同心'],['n']
2022,['凸显'],['a']
2023,['突出'],['v']
2024,['团队'],['n']
2025,['推出'],['v']
2026,['拖延'],['v']
2027,['脱贫'],['v']
2028,['挖掘'],['v']
2029,['外汇储备'],['n']
2030,['外溢'],['v']
2031,['网'],['n']
2032,['危及'],['v']
2033,['微'],['n']
2034,['微型'],['b']
2035,['围绕'],['v']
2036,['违反'],['v']
2037,['卫生部长'],['n']
2038,['为期'],['r']
2039,['无需'],['v']
2040,['吸纳'],['v']
2041,['西班牙'],['ns']
2042,['下滑'],['v']
2043,['下列'],['v']
2044,['显然'],['ad']
2045,['现象'],['n']
2046,['相关性'],['l']
2047,['相互之间'],['l']
2048,['详细'],['ad']
2049,['享受'],['v']
2050,['协同'],['n']
2051,['协作'],['vn']
2052,['信誉'],['n']
2053,['行贿'],['v']
2054,['宣传'],['vn']
2055,['学徒制'],['l']
2056,['学校'],['n']
2057,['延期'],['v']
2058,['衍生'],['v']
2059,['一定'],['d']
2060,['一届'],['m']
2061,['一同'],['d']
2062,['一致同意'],['i']
2063,['以前'],['f']
2064,"['以', '使']","['p', 'v']"
2065,['以外'],['c']
2066,['亿'],['m']
2067,"['亿', '人']","['m', 'n']"
2068,['抑制'],['v']
2069,['译文'],['n']
2070,['易'],['a']
2071,['意大利'],['ns']
2072,['意见'],['n']
2073,['引导'],['v']
2074,['引渡'],['v']
2075,['用来'],['v']
2076,['优胜'],['v']
2077,['犹存'],['v']
2078,['有所'],['n']
2079,['有望'],['v']
2080,['有序性'],['l']
2081,['与此同时'],['c']
2082,['与非'],['c']
2083,['预计'],['vn']
2084,['约束性'],['n']
2085,['运输'],['vn']
2086,['在于'],['v']
2087,['造福'],['v']
2088,['择优'],['v']
2089,['债券'],['n']
2090,['展示'],['v']
2091,['章程'],['n']
2092,['这场'],['mq']
2093,['这次'],['r']
2094,['着眼于'],['v']
2095,['争端'],['n']
2096,['正如'],['v']
2097,['支撑'],['v']
2098,['支持性'],['n']
2099,"['执', '董']","['v', 'nr']"
2100,['只要'],['c']
2101,['只有'],['c']
2102,['制造'],['v']
2103,['中介'],['j']
2104,['中长期'],['j']
2105,['终期'],['nz']
2106,"['诸', '边']","['r', 'd']"
2107,['诸多'],['m']
2108,['专题'],['n']
2109,['转化'],['v']
2110,['转向'],['v']
2111,['追回'],['v']
2112,['追求'],['v']
2113,['咨询性'],['n']
2114,['资源配置'],['n']
2115,['仔细'],['ad']
2116,['子孙后代'],['nr']
2117,['走向'],['v']
2118,['遵照'],['v']
2119,['作出反应'],['n']
2120,['做好'],['v']
2121,['0.0014'],['m']
2122,['0.28'],['m']
2123,['75'],['m']
2124,['76'],['m']
2125,['77'],['m']
2126,['78'],['m']
2127,['79'],['m']
2128,['81'],['m']
2129,['82'],['m']
2130,['83'],['m']
2131,['84'],['m']
2132,['85'],['m']
2133,['93'],['m']
2134,['110'],['m']
2135,['203'],['m']
2136,['500'],['m']
2137,['2006'],['m']
2138,['2350'],['m']
2139,['阿克拉'],['nrt']
2140,['巴西'],['ns']
2141,['榜样'],['n']
2142,['宝贵'],['nr']
2143,['保持稳定'],['n']
2144,['保密'],['n']
2145,['保障机制'],['n']
2146,['保证金'],['n']
2147,['暴力'],['n']
2148,['本质'],['n']
2149,['比率'],['n']
2150,['比如'],['v']
2151,['彼时'],['r']
2152,['必要条件'],['l']
2153,['避罪'],['v']
2154,['边缘'],['n']
2155,['变暖'],['v']
2156,['便于'],['v']
2157,['标准化'],['vn']
2158,['表示感谢'],['i']
2159,['表外'],['v']
2160,['别的'],['r']
2161,"['并', '同']","['c', 'p']"
2162,['并未'],['d']
2163,['拨备'],['nz']
2164,['博拉'],['nrt']
2165,['补充性'],['n']
2166,['不得'],['v']
2167,['不可逆转'],['i']
2168,['不利于'],['v']
2169,['布雷顿'],['nr']
2170,['才'],['d']
2171,['材料'],['nz']
2172,['财金'],['n']
2173,['财务'],['n']
2174,['财政状况'],['n']
2175,['残疾人'],['n']
2176,['操守'],['v']
2177,['操纵'],['v']
2178,['侧'],['v']
2179,['测度'],['n']
2180,['测量'],['vn']
2181,['测算'],['vn']
2182,['产量'],['n']
2183,['阐明'],['v']
2184,['阐释'],['v']
2185,['偿还'],['v']
2186,['敞口'],['v']
2187,['超越'],['v']
2188,['朝着'],['p']
2189,['陈述'],['nr']
2190,['成绩'],['n']
2191,['成就'],['n']
2192,['成年人'],['n']
2193,['承担风险'],['n']
2194,['澄清'],['v']
2195,['持续性'],['n']
2196,['赤贫'],['a']
2197,['充足率'],['n']
2198,['筹集资金'],['n']
2199,['出于'],['v']
2200,['出资'],['vn']
2201,['传递'],['v']
2202,['传染病'],['n']
2203,['传统'],['n']
2204,['窗口'],['s']
2205,['创建'],['v']
2206,['此举'],['r']
2207,['从未有过'],['l']
2208,['促成'],['v']
2209,['存储'],['j']
2210,['错误'],['n']
2211,['打下基础'],['l']
2212,['大程度'],['n']
2213,['大国'],['ns']
2214,['大中城市'],['ns']
2215,['待缴'],['v']
2216,['待遇'],['n']
2217,['单一'],['b']
2218,['担保'],['v']
2219,['弹性'],['n']
2220,['当地'],['s']
2221,['道德'],['nr']
2222,['道路'],['n']
2223,['得力'],['v']
2224,['地方'],['n']
2225,['地向'],['n']
2226,['登记'],['v']
2227,['第二份'],['m']
2228,['第二十一次'],['m']
2229,['第六次'],['m']
2230,['第十三次'],['m']
2231,['第十一次'],['m']
2232,['第一步'],['m']
2233,['电子商务'],['nz']
2234,['定价'],['n']
2235,['独立性'],['n']
2236,['对策'],['n']
2237,['对方'],['n']
2238,['对外部'],['nt']
2239,"['多', '地']","['m', 'n']"
2240,['多方面'],['m']
2241,['多个'],['m']
2242,['多年'],['m']
2243,['多亿美元'],['m']
2244,['二十一'],['m']
2245,['二者'],['n']
2246,['发电'],['vn']
2247,['发放'],['v']
2248,['发生地'],['l']
2249,['发展前景'],['l']
2250,['发展潜力'],['n']
2251,['发展势头'],['l']
2252,['法人地位'],['n']
2253,['翻番'],['v']
2254,['凡'],['d']
2255,['范畴'],['nr']
2256,['范例'],['n']
2257,['方针'],['n']
2258,['防火墙'],['n']
2259,['防御性'],['n']
2260,['防治'],['v']
2261,['放大'],['v']
2262,['放眼'],['v']
2263,['放在'],['v']
2264,['非正规'],['b']
2265,['非政府'],['nt']
2266,['非洲之角'],['nz']
2267,['分歧'],['n']
2268,['氟'],['nz']
2269,['腐败问题'],['n']
2270,['付出'],['v']
2271,['负面效应'],['n']
2272,['负责人'],['n']
2273,['赋予'],['v']
2274,['覆盖范围'],['n']
2275,['该项'],['r']
2276,['高管'],['n']
2277,['高位'],['n']
2278,['各类'],['r']
2279,['各项政策'],['l']
2280,['根据上述'],['n']
2281,['跟上'],['f']
2282,"['更', '多', '人']","['d', 'm', 'n']"
2283,"['更', '强']","['d', 'a']"
2284,['工程'],['n']
2285,['工具箱'],['n']
2286,['工业化'],['vn']
2287,['公私合营'],['n']
2288,['公正'],['nr']
2289,['供需'],['n']
2290,['共同提高'],['l']
2291,['共同体'],['n']
2292,['勾画出'],['i']
2293,['构筑'],['n']
2294,['购买'],['v']
2295,['股东'],['n']
2296,['股票'],['n']
2297,['挂钩'],['v']
2298,['关乎'],['v']
2299,['关键时刻'],['n']
2300,['关键问题'],['n']
2301,['关键性'],['n']
2302,['关联'],['ns']
2303,['观点'],['n']
2304,['广泛应用'],['l']
2305,['轨道'],['n']
2306,['国将'],['n']
2307,['国向'],['n']
2308,['国应'],['n']
2309,['国有企业'],['n']
2310,['国在'],['t']
2311,"['还', '应']","['d', 'v']"
2312,['海关'],['ns']
2313,['号召'],['v']
2314,['合格'],['n']
2315,['合作性'],['n']
2316,['和谐'],['a']
2317,['核心作用'],['n']
2318,['红利'],['nz']
2319,['宏大'],['a']
2320,['后续'],['v']
2321,['互换'],['v']
2322,['互联互通'],['l']
2323,['互评'],['v']
2324,['互为补充'],['l']
2325,['化解'],['v']
2326,['缓解'],['v']
2327,['缓慢'],['d']
2328,['回到'],['v']
2329,['回归'],['v']
2330,['会上'],['t']
2331,['会议议程'],['n']
2332,['混乱'],['a']
2333,['或者'],['c']
2334,['货币联盟'],['nt']
2335,['货物'],['n']
2336,['获得性'],['n']
2337,['饥荒'],['n']
2338,['机制化'],['n']
2339,['稽查员'],['n']
2340,['激活'],['a']
2341,['及时性'],['d']
2342,"['即', '到']","['v', 'v']"
2343,['极端'],['n']
2344,['亟需'],['v']
2345,['急剧'],['d']
2346,['急需'],['n']
2347,['几个'],['m']
2348,['记录'],['n']
2349,['记者'],['n']
2350,['技术性'],['n']
2351,['技术转让'],['l']
2352,['加大力度'],['ns']
2353,['加紧'],['v']
2354,['加之'],['c']
2355,['坚决执行'],['i']
2356,['坚实基础'],['l']
2357,['坚信'],['v']
2358,['减弱'],['v']
2359,['检举人'],['n']
2360,['简称'],['v']
2361,['见成效'],['i']
2362,['践踏'],['v']
2363,['践行'],['v']
2364,['将近'],['t']
2365,"['将', '视']","['d', 'vg']"
2366,['将要'],['d']
2367,['交易平台'],['n']
2368,['较大'],['a']
2369,['较弱'],['a']
2370,['节约'],['n']
2371,['节约型'],['n']
2372,['借款人'],['n']
2373,['今年年底'],['t']
2374,['金融中心'],['n']
2375,['尽'],['v']
2376,['紧迫'],['d']
2377,['紧迫性'],['n']
2378,['近年来'],['t']
2379,['进度'],['d']
2380,['进一步提高'],['i']
2381,['禁止'],['v']
2382,['经'],['n']
2383,['经常性'],['n']
2384,['经济学'],['n']
2385,['经济学家'],['n']
2386,['经济周期'],['n']
2387,['经贸'],['n']
2388,['救助'],['vn']
2389,['举债'],['v']
2390,['具有专长'],['l']
2391,['俱乐部'],['n']
2392,['抉择'],['v']
2393,['卡车'],['n']
2394,['卡尼'],['nrf']
2395,['开创'],['v']
2396,['开放市场'],['n']
2397,['开辟'],['v']
2398,['抗生素'],['nz']
2399,['靠拢'],['v']
2400,['可变'],['v']
2401,['可靠性'],['n']
2402,['可预测性'],['n']
2403,['客户'],['n']
2404,['课题'],['n']
2405,['跨部门'],['n']
2406,['跨国公司'],['n']
2407,['快'],['a']
2408,['快速反应'],['n']
2409,['扩张'],['v']
2410,['来说'],['u']
2411,['劳作'],['vn']
2412,['类别'],['n']
2413,['类型'],['n']
2414,['理念'],['n']
2415,['力争上游'],['n']
2416,['连贯'],['nr']
2417,['连续'],['a']
2418,['联动'],['v']
2419,['联合国大会'],['nt']
2420,['联合国教科文组织'],['nt']
2421,['粮食市场'],['n']
2422,['两'],['m']
2423,['两倍'],['m']
2424,['列出'],['v']
2425,['临床'],['vn']
2426,['灵活运用'],['n']
2427,['领袖'],['n']
2428,"['令', '其']","['v', 'r']"
2429,['另外'],['c']
2430,['流'],['n']
2431,['旅行'],['vn']
2432,['率先垂范'],['l']
2433,['轮值'],['n']
2434,['落下'],['v']
2435,['迈向'],['v']
2436,['满意'],['v']
2437,['贸易战'],['nz']
2438,['没'],['v']
2439,['媒体'],['n']
2440,['煤炭市场'],['n']
2441,['每半年'],['l']
2442,['美'],['ns']
2443,['美元'],['q']
2444,['美洲开发银行'],['nt']
2445,['蒙特雷'],['nr']
2446,['民事'],['n']
2447,['模拟'],['v']
2448,['模型'],['n']
2449,['某些'],['r']
2450,['母国'],['n']
2451,['拿出'],['v']
2452,['南非'],['ns']
2453,['难民署'],['n']
2454,"['内', '顾']","['f', 'nr']"
2455,['内罗毕'],['ns']
2456,['内外'],['s']
2457,['内向'],['n']
2458,['能源价格'],['n']
2459,['能源需求'],['n']
2460,['拟定'],['v']
2461,['年初'],['t']
2462,"['年会', '前']","['n', 'f']"
2463,['农发'],['nz']
2464,['农户'],['n']
2465,['农民'],['n']
2466,['奴役'],['n']
2467,['欧盟委员会'],['nt']
2468,['排序'],['n']
2469,['盘点'],['n']
2470,['疲弱'],['a']
2471,['匹配'],['v']
2472,['票据'],['n']
2473,['平均水平'],['n']
2474,['评价'],['n']
2475,['迫切需要'],['n']
2476,['破裂'],['v']
2477,['普及'],['ns']
2478,['期'],['n']
2479,['企稳'],['nz']
2480,['起步'],['d']
2481,['起点'],['n']
2482,['迄今'],['d']
2483,['迄今为止'],['l']
2484,['迄今已'],['l']
2485,['前所未有'],['i']
2486,['遣返'],['v']
2487,['强制性'],['n']
2488,['青年人'],['n']
2489,['氢'],['n']
2490,['清楚'],['a']
2491,['情报机构'],['n']
2492,['区域规划'],['n']
2493,['区域性'],['n']
2494,['驱动力'],['nz']
2495,['全民'],['n']
2496,['全球战略'],['n']
2497,['全人类'],['n']
2498,['却'],['d']
2499,['确定性'],['n']
2500,['热带'],['n']
2501,['人居'],['n']
2502,['人口老龄化'],['n']
2503,['人人'],['n']
2504,['认知'],['v']
2505,['任何人'],['r']
2506,['仍旧'],['d']
2507,"['仍', '弱']","['d', 'a']"
2508,['日期'],['t']
2509,"['日', '起']","['m', 'v']"
2510,['容易'],['a']
2511,['如此'],['c']
2512,['三'],['m']
2513,['商界'],['n']
2514,['商品生产'],['n']
2515,['商业模式'],['n']
2516,['尚'],['d']
2517,['设备'],['vn']
2518,['摄氏度'],['n']
2519,['身份'],['n']
2520,['深入'],['v']
2521,['深远'],['a']
2522,['甚至'],['d']
2523,['审视'],['v']
2524,['生产方式'],['l']
2525,['生产者'],['n']
2526,['生效'],['n']
2527,['失灵'],['n']
2528,['失望'],['v']
2529,['失业者'],['n']
2530,['石油市场'],['n']
2531,['时机'],['n']
2532,['时能'],['n']
2533,['时限'],['n']
2534,['时效性'],['n']
2535,['实体化'],['vn']
2536,['实习'],['v']
2537,['实现目标'],['n']
2538,['实用'],['v']
2539,['实用性'],['n']
2540,['使得'],['v']
2541,['市场化'],['n']
2542,['市场监管'],['n']
2543,['市场竞争'],['l']
2544,['市场需求'],['n']
2545,['事情'],['n']
2546,['事务'],['n']
2547,['事宜'],['n']
2548,['视情'],['n']
2549,['试验区'],['n']
2550,['适应性'],['n']
2551,['适用范围'],['n']
2552,['收缩'],['v']
2553,['收支'],['n']
2554,['首脑'],['n']
2555,['首先'],['d']
2556,['受损'],['v']
2557,['输出国'],['n']
2558,['数据保护'],['n']
2559,['数学'],['n']
2560,['数月'],['m']
2561,['衰退'],['v']
2562,['双方'],['n']
2563,['税收管理'],['n']
2564,['税收制度'],['n']
2565,['税制'],['n']
2566,['顺序'],['n']
2567,['说'],['v']
2568,['说明'],['v']
2569,['四项'],['m']
2570,['虽'],['zg']
2571,['随时'],['d']
2572,['所起'],['v']
2573,['所示'],['v']
2574,['所述'],['b']
2575,['态度'],['n']
2576,['碳化物'],['n']
2577,['特色'],['n']
2578,['替代性'],['n']
2579,['天气'],['n']
2580,['听取'],['v']
2581,['停滞'],['v']
2582,['通道'],['v']
2583,['通讯'],['nz']
2584,['同权'],['n']
2585,['童工'],['nr']
2586,['统筹'],['v']
2587,['统计'],['v']
2588,['偷税漏税'],['j']
2589,['偷运'],['v']
2590,['突发'],['v']
2591,['突破'],['vn']
2592,['土壤'],['n']
2593,['妥善'],['v']
2594,['妥善处理'],['v']
2595,['外汇'],['n']
2596,['挽救'],['v']
2597,['万个'],['m']
2598,['危害'],['n']
2599,['危险'],['an']
2600,['卫生工作者'],['n']
2601,['卫生系统'],['n']
2602,"['为', '本']","['p', 'r']"
2603,['为止'],['v']
2604,['温和'],['a']
2605,['稳定器'],['n']
2606,['稳定增长'],['n']
2607,['五年'],['t']
2608,['五项'],['m']
2609,['吸收能力'],['n']
2610,['吸损'],['v']
2611,['席位'],['n']
2612,['狭窄'],['a']
2613,['下调'],['v']
2614,['下降'],['v']
2615,['夏天'],['t']
2616,['先前'],['t']
2617,['衔接'],['v']
2618,['显现'],['v']
2619,['现实'],['n']
2620,['限于'],['v']
2621,['相辅相成'],['i']
2622,['相会'],['v']
2623,['相机'],['d']
2624,['相适应'],['n']
2625,['香港'],['ns']
2626,['响应'],['v']
2627,['向下'],['v']
2628,['像'],['v']
2629,['消耗'],['n']
2630,['消灭'],['v']
2631,['萧条'],['a']
2632,['小'],['a']
2633,['小国'],['ns']
2634,['小农'],['n']
2635,['效益'],['n']
2636,['协同效应'],['n']
2637,['泄露'],['v']
2638,['新动力'],['n']
2639,['新进展'],['nt']
2640,['新增'],['v']
2641,['信誉度'],['n']
2642,['兴趣'],['n']
2643,['修订'],['v']
2644,['修正'],['nr']
2645,['需在'],['v']
2646,['许可'],['nr']
2647,['选'],['zg']
2648,['亚洲'],['ns']
2649,['亚洲开发银行'],['nt']
2650,['延续'],['v']
2651,['延续性'],['n']
2652,['严格监督'],['nr']
2653,['研究所'],['n']
2654,['演练'],['vn']
2655,['药品'],['n']
2656,['野生动物'],['n']
2657,['业务'],['n']
2658,['一段'],['m']
2659,['一家'],['m']
2660,['一轮'],['m']
2661,['一新'],['d']
2662,['一再'],['d']
2663,['依靠'],['v']
2664,['移动'],['vn']
2665,['遗留问题'],['n']
2666,['以身作则'],['i']
2667,['亦'],['d']
2668,['因为'],['c']
2669,['银行贷款'],['n']
2670,['印度'],['ns']
2671,['印度尼西亚'],['ns']
2672,['应同'],['v']
2673,['婴幼儿'],['n']
2674,['用'],['p']
2675,['尤为'],['d']
2676,['油价'],['n']
2677,['油气'],['n']
2678,['有机'],['n']
2679,['有利条件'],['l']
2680,['有所区别'],['n']
2681,['有益'],['n']
2682,['与其'],['c']
2683,['预见'],['v']
2684,['预警'],['vn']
2685,['预算'],['v']
2686,['遇到'],['v']
2687,['愈发'],['d']
2688,['员工'],['n']
2689,['原产地'],['n']
2690,['约'],['d']
2691,['约束'],['vn']
2692,['月底'],['t']
2693,['运营'],['vn']
2694,['赞成'],['v']
2695,['增加收入'],['n']
2696,['增加值'],['n']
2697,['增设'],['v']
2698,['增速'],['v']
2699,['增效'],['v']
2700,['增长极'],['n']
2701,['增长率'],['n']
2702,['增长势头'],['n']
2703,['增长速度'],['n']
2704,['增值'],['v']
2705,['债权国'],['n']
2706,['债权人'],['n']
2707,['展开'],['v']
2708,['展开讨论'],['n']
2709,['展现'],['v']
2710,['长'],['a']
2711,['长远'],['d']
2712,['照顾'],['v']
2713,['这个'],['r']
2714,['真正'],['d']
2715,['震荡'],['v']
2716,['征询'],['vn']
2717,['拯救'],['v']
2718,['正规化'],['b']
2719,['正确'],['ad']
2720,['正是'],['d']
2721,['证券'],['n']
2722,['证券监管'],['j']
2723,['郑重'],['a']
2724,"['之', '窗']","['u', 'ng']"
2725,['之际'],['f']
2726,['直到'],['v']
2727,['直至'],['v']
2728,['职业培训'],['n']
2729,['只能'],['v']
2730,['指标体系'],['n']
2731,['指定'],['v']
2732,['至今'],['d']
2733,['制'],['n']
2734,['制裁'],['n']
2735,['制造业'],['n']
2736,['秩序'],['n']
2737,['智慧'],['nr']
2738,['智库'],['n']
2739,['置于'],['v']
2740,['中等'],['b']
2741,['中断'],['ns']
2742,['中小型'],['b']
2743,['中转'],['v']
2744,['重叠'],['v']
2745,['重返'],['v']
2746,['重现'],['v']
2747,['重型'],['b']
2748,['重振'],['a']
2749,['主动'],['b']
2750,['助力'],['n']
2751,['注重'],['v']
2752,['专业技能'],['n']
2753,['专长'],['n']
2754,['追逃'],['v']
2755,['追逐'],['v']
2756,['追踪'],['v']
2757,['准入'],['v']
2758,['自然资源'],['l']
2759,['自有'],['v']
2760,['自主性'],['n']
2761,['总体目标'],['n']
2762,['总统'],['n']
2763,['走私'],['n']
2764,['组'],['zg']
2765,['最迟'],['d']
2766,['最低标准'],['n']
2767,['最好'],['a']
2768,"['最', '具']","['d', 'v']"
2769,['最小化'],['j']
2770,['最新进展'],['nt']
2771,['罪行'],['n']
2772,['遵循'],['v']
2773,['作法'],['n']
2774,['作物'],['n']
2775,['0.0146'],['m']
2776,['0.021'],['m']
2777,['0.04'],['m']
2778,['0.0459'],['m']
2779,['0.06'],['m']
2780,['0.1'],['m']
2781,['0.15'],['m']
2782,['0.5'],['m']
2783,['0.7'],['m']
2784,['1'],['x']
2785,['1.1'],['m']
2786,['1.25'],['m']
2787,['1.5'],['m']
2788,['5.28'],['m']
2789,['6'],['x']
2790,['86'],['m']
2791,['87'],['m']
2792,['88'],['m']
2793,['89'],['m']
2794,['90'],['m']
2795,['91'],['m']
2796,['92'],['m']
2797,['94'],['m']
2798,['95'],['m']
2799,['96'],['m']
2800,['97'],['m']
2801,['98'],['m']
2802,['99'],['m']
2803,['100'],['m']
2804,['101'],['m']
2805,['102'],['m']
2806,['103'],['m']
2807,['104'],['m']
2808,['105'],['m']
2809,['106'],['m']
2810,['107'],['m']
2811,['108'],['m']
2812,['109'],['m']
2813,['111'],['m']
2814,['112'],['m']
2815,['113'],['m']
2816,['114'],['m']
2817,['160'],['m']
2818,['700'],['m']
2819,['1100'],['m']
2820,['1500'],['m']
2821,['1999'],['m']
2822,['2000'],['m']
2823,['2002'],['m']
2824,['2021'],['m']
2825,['2022'],['m']
2826,['2063'],['m']
2827,['2830'],['m']
2828,['3500'],['m']
2829,['4300'],['m']
2830,['4610'],['m']
2831,['6400'],['m']
2832,['8500'],['m']
2833,['阿'],['j']
2834,['埃'],['ns']
2835,['埃塞俄比亚'],['ns']
2836,['艾滋病'],['n']
2837,['安倍晋三'],['nr']
2838,['安心'],['v']
2839,['安置'],['v']
2840,['按期'],['d']
2841,['案例'],['n']
2842,['黯淡'],['z']
2843,['奥斯陆'],['nr']
2844,['八'],['m']
2845,['巴厘岛'],['ns']
2846,['巴亚'],['ns']
2847,['把握'],['v']
2848,['百分点'],['m']
2849,['百万'],['m']
2850,['板'],['ng']
2851,['版图'],['n']
2852,['半个世纪'],['t']
2853,['薄弱环节'],['l']
2854,['保持良好'],['n']
2855,['保护措施'],['n']
2856,['保留'],['v']
2857,['保险公司'],['n']
2858,['保险业'],['n']
2859,['保障性'],['n']
2860,['报送'],['v']
2861,['暴露'],['v']
2862,['悲惨'],['a']
2863,['悲痛'],['a']
2864,['备受'],['v']
2865,['备用'],['v']
2866,['被盗'],['n']
2867,['本届'],['r']
2868,['本期'],['t']
2869,['本身'],['r']
2870,['比尔'],['nrt']
2871,['比较'],['d']
2872,['必备'],['v']
2873,['必不可少'],['l']
2874,['闭幕'],['v']
2875,['避风港'],['ns']
2876,['避免出现'],['v']
2877,['边界'],['n']
2878,['边境'],['n']
2879,['编码'],['n']
2880,['编写'],['v']
2881,['编制'],['v']
2882,['变调'],['v']
2883,['变局'],['n']
2884,['便利性'],['n']
2885,['辩护律师'],['n']
2886,['标志'],['n']
2887,['表'],['v']
2888,['表率'],['n']
2889,['表率作用'],['n']
2890,['别国'],['r']
2891,['别名'],['a']
2892,['秉持'],['v']
2893,['摒弃'],['v']
2894,"['并', '表']","['c', 'v']"
2895,"['并不', '多']","['d', 'm']"
2896,['并肩'],['d']
2897,"['并', '抗']","['c', 'v']"
2898,['并予'],['v']
2899,['并重'],['v']
2900,['病毒'],['n']
2901,['病原体'],['n']
2902,['拨付'],['v']
2903,['拨款'],['v']
2904,['波及'],['ns']
2905,['波兰'],['ns']
2906,['补偿'],['vn']
2907,['补给'],['v']
2908,['不成比例'],['i']
2909,['不错'],['a']
2910,['不到'],['v']
2911,['不管'],['c']
2912,['不间断'],['l']
2913,['不仅仅'],['d']
2914,['不具'],['n']
2915,['不可避免'],['l']
2916,['不可分割'],['l']
2917,['不力'],['n']
2918,['不良资产'],['l']
2919,['不免'],['c']
2920,['不能容忍'],['l']
2921,['不让'],['v']
2922,['不少'],['d']
2923,"['不', '设']","['d', 'v']"
2924,['不是'],['c']
2925,['不适'],['a']
2926,"['不', '晚']","['d', 'tg']"
2927,['不稳定性'],['n']
2928,['不惜一切'],['i']
2929,['不下'],['v']
2930,['不一致性'],['l']
2931,"['不', '以']","['d', 'p']"
2932,"['不', '战']","['d', 'n']"
2933,['不至于'],['c']
2934,['不足以'],['v']
2935,['布兰特'],['nr']
2936,['布朗'],['nr']
2937,['步入'],['n']
2938,['部署'],['n']
2939,['才智'],['nr']
2940,['财产损失'],['n']
2941,['财税'],['n']
2942,['财务报表'],['n']
2943,['财务报告'],['n']
2944,['财务状况'],['n']
2945,['财政赤字'],['n']
2946,['财政管理'],['n']
2947,['财政收入'],['n']
2948,['裁定'],['v']
2949,['采矿业'],['n']
2950,['采取相应'],['nr']
2951,['残留'],['v']
2952,['藏匿于'],['n']
2953,['操控'],['v']
2954,['侧重于'],['n']
2955,['测评'],['v']
2956,['策略'],['n']
2957,['查明'],['nr']
2958,['差别'],['d']
2959,['产品价格'],['n']
2960,['产物'],['n']
2961,['产业结构'],['n']
2962,['产值'],['n']
2963,['尝试'],['vn']
2964,['偿付'],['v']
2965,['偿清'],['v']
2966,['偿债'],['v']
2967,['场合'],['n']
2968,['倡导'],['v']
2969,['超常规'],['b']
2970,['超额'],['b']
2971,['超重'],['v']
2972,['朝'],['ns']
2973,['撤离'],['v']
2974,['称'],['v']
2975,['成'],['n']
2976,['成功经验'],['n']
2977,['成绩单'],['n']
2978,['成熟'],['a']
2979,['成效'],['a']
2980,['成长'],['v']
2981,['呈现出'],['v']
2982,['承包商'],['n']
2983,['承受能力'],['n']
2984,['承销'],['v']
2985,['诚如'],['v']
2986,['诚实'],['a']
2987,['诚信度'],['l']
2988,['城市化'],['n']
2989,['乘数'],['n']
2990,['吃饭问题'],['l']
2991,['迟滞'],['a']
2992,['充分发挥'],['n']
2993,['充分运用'],['l']
2994,['充满活力'],['l']
2995,['充裕'],['a']
2996,['憧憬'],['v']
2997,['筹措'],['v']
2998,['筹划'],['n']
2999,['出版'],['v']
3000,['出发'],['v']
3001,['出口国'],['n']
3002,['出来'],['v']
3003,['出谋划策'],['n']
3004,['出席'],['v']
3005,['出自'],['v']
3006,['初创'],['n']
3007,['除'],['p']
3008,['除此之外'],['c']
3009,['储备库'],['n']
3010,['储蓄率'],['n']
3011,['处方'],['n']
3012,['触发'],['v']
3013,['传播'],['vn']
3014,['传染'],['vn']
3015,['传染性'],['n']
3016,['传统医学'],['n']
3017,['窗口期'],['n']
3018,['创始'],['v']
3019,['创业精神'],['n']
3020,['创业者'],['n']
3021,['创意'],['v']
3022,['创造型'],['n']
3023,['垂直'],['v']
3024,['慈善机构'],['n']
3025,['此时'],['c']
3026,['此种'],['r']
3027,['从根本上'],['d']
3028,['从那时起'],['l']
3029,['从事'],['v']
3030,['从未'],['d']
3031,['从业'],['v']
3032,['从长远看'],['i']
3033,['促'],['v']
3034,['促进作用'],['n']
3035,['促其'],['nz']
3036,['催生'],['v']
3037,['摧毁'],['v']
3038,['存款人'],['n']
3039,['存量'],['n']
3040,['存托'],['v']
3041,['错综复杂'],['i']
3042,['搭建'],['v']
3043,['达'],['v']
3044,['打'],['v']
3045,['打断'],['v']
3046,['大不相同'],['i']
3047,['大大提高'],['i']
3048,['大胆'],['n']
3049,['大幅度提高'],['l']
3050,['大家'],['n']
3051,['大力'],['n']
3052,['大米'],['m']
3053,['大学'],['n']
3054,['大有裨益'],['i']
3055,['大致'],['d']
3056,['代际'],['n']
3057,['带领'],['v']
3058,['贷款额度'],['n']
3059,['单身'],['n']
3060,['担责任'],['n']
3061,['当代世界'],['n']
3062,['当前工作'],['l']
3063,['当然'],['d']
3064,['当事方'],['n']
3065,['当中'],['s']
3066,['到达'],['v']
3067,['道'],['q']
3068,['得'],['ud']
3069,['得出'],['v']
3070,['德方'],['nr']
3071,['德国总理'],['nr']
3072,['德拉吉'],['nr']
3073,"['地', '使']","['uv', 'v']"
3074,['地域'],['n']
3075,['的确'],['d']
3076,['登英'],['nz']
3077,['等待'],['v']
3078,['低碳'],['nz']
3079,['低下'],['v']
3080,['抵抗'],['vn']
3081,['第八次'],['m']
3082,['第二步'],['m']
3083,['第二次'],['m']
3084,['第二段'],['m']
3085,['第二届'],['m']
3086,['第二位'],['m']
3087,['第六轮'],['m']
3088,['第六条'],['m']
3089,['第七次'],['m']
3090,['第三十六条'],['m']
3091,['第十八次'],['m']
3092,['第十二次'],['m']
3093,['第十九次'],['m']
3094,['第十六条'],['m']
3095,['第十七次'],['m']
3096,['第十四次'],['m']
3097,['第十五'],['m']
3098,['第四个'],['m']
3099,['第五'],['m']
3100,['第五次'],['m']
3101,['第五章'],['m']
3102,['第一版'],['nz']
3103,['第一道'],['m']
3104,['第一份'],['m']
3105,['第一个'],['m']
3106,['第一季度'],['l']
3107,['第一届'],['m']
3108,['第一轮'],['m']
3109,['第一批'],['m']
3110,['缔约国'],['n']
3111,['电汇'],['n']
3112,['调查结果'],['n']
3113,['调减'],['vn']
3114,['掉队'],['v']
3115,['掉以轻心'],['i']
3116,['盯住'],['v']
3117,['订立'],['v']
3118,['定量'],['n']
3119,['定期检查'],['n']
3120,['定向'],['n']
3121,['定义'],['n']
3122,['定罪'],['vn']
3123,['东北部'],['f']
3124,['动能'],['n']
3125,['动物'],['n']
3126,['动摇'],['v']
3127,['动议'],['n']
3128,['冻结'],['v']
3129,['督促'],['v']
3130,['毒品走私'],['n']
3131,['独善其身'],['i']
3132,['独特'],['a']
3133,['度'],['zg']
3134,['短'],['a']
3135,['短期内'],['n']
3136,['短时期'],['b']
3137,"['对', '埃']","['p', 'ns']"
3138,['对话会'],['l']
3139,['对抗'],['v']
3140,"['对', '路']","['p', 'n']"
3141,"['对', '能']","['p', 'n']"
3142,"['对', '受']","['p', 'v']"
3143,['对外开放'],['l']
3144,['对象'],['n']
3145,"['对', '以']","['p', 'f']"
3146,['对应'],['vn']
3147,['多边条约'],['ns']
3148,['多层面'],['b']
3149,['多方'],['m']
3150,['多数'],['m']
3151,['多维度'],['ns']
3152,['多重'],['m']
3153,['额度'],['n']
3154,['恶性循环'],['i']
3155,['尔塔'],['nrt']
3156,['二十'],['m']
3157,"['二', '是']","['m', 'v']"
3158,['发出'],['v']
3159,['发起方'],['l']
3160,['发生意外'],['l']
3161,['发行者'],['n']
3162,['法案'],['n']
3163,['法律法规'],['n']
3164,['法律文书'],['nr']
3165,['法制建设'],['l']
3166,['反腐'],['v']
3167,['反复性'],['n']
3168,['反应速度'],['n']
3169,['反制'],['v']
3170,['返回'],['v']
3171,['方便'],['a']
3172,['方都'],['n']
3173,['方抗'],['n']
3174,['防线'],['n']
3175,['防疫'],['vn']
3176,['防御'],['v']
3177,['防止出现'],['i']
3178,['房地产'],['j']
3179,['访问'],['v']
3180,['放贷'],['v']
3181,['放弃'],['v']
3182,['放松'],['v']
3183,['放之四海而皆准'],['i']
3184,['飞速上升'],['v']
3185,['飞跃'],['v']
3186,['非成员国'],['n']
3187,"['非', '二']","['h', 'n']"
3188,['非关税'],['l']
3189,['非农'],['b']
3190,['非商业性'],['n']
3191,['非同寻常'],['i']
3192,['非正常'],['b']
3193,['非洲地区'],['ns']
3194,['非洲联盟'],['nt']
3195,['肥胖'],['a']
3196,['肺结核病'],['n']
3197,['分'],['v']
3198,['分布'],['v']
3199,['分工'],['vn']
3200,['分阶段'],['n']
3201,['分类'],['n']
3202,['分配资源'],['n']
3203,['分销'],['vn']
3204,['分支'],['n']
3205,['分支机构'],['n']
3206,['分组'],['vn']
3207,['风格'],['n']
3208,['风险性'],['n']
3209,['奉行'],['v']
3210,['否则'],['c']
3211,['扶贫'],['v']
3212,['服从'],['v']
3213,['符合国际'],['n']
3214,['符合国家'],['n']
3215,['幅度'],['n']
3216,['抚育'],['v']
3217,['釜山'],['ns']
3218,"['辅', '之', '以']","['vg', 'u', 'p']"
3219,['腐蚀性'],['n']
3220,['父母'],['n']
3221,['付诸实践'],['l']
3222,['附近'],['f']
3223,['复兴'],['a']
3224,['复杂化'],['v']
3225,['复制'],['v']
3226,['覆盖面'],['n']
3227,['改变'],['v']
3228,['改革开放'],['nz']
3229,['改造'],['v']
3230,['盖茨'],['nrt']
3231,['概述'],['v']
3232,['感到'],['v']
3233,['感染'],['v']
3234,['干涉'],['v']
3235,['岗'],['n']
3236,['高层'],['n']
3237,"['高', '得']","['a', 'ud']"
3238,['高度评价'],['n']
3239,['高度重视'],['l']
3240,['高官'],['n']
3241,['高居'],['n']
3242,['高科技'],['nz']
3243,['高频'],['b']
3244,"['高', '企', '且']","['a', 'ng', 'c']"
3245,"['高', '且']","['a', 'c']"
3246,['高危'],['b']
3247,['高效率'],['n']
3248,['高兴'],['b']
3249,['高涨'],['v']
3250,['革命'],['vn']
3251,['革新'],['vn']
3252,['格斯'],['nrt']
3253,['隔离'],['v']
3254,['个案'],['n']
3255,['个别'],['n']
3256,['各层次'],['l']
3257,['各个'],['r']
3258,['各界'],['r']
3259,['各省'],['r']
3260,['各项任务'],['l']
3261,['各异'],['a']
3262,['给养'],['v']
3263,['根本'],['a']
3264,['跟进'],['v']
3265,['更佳'],['v']
3266,['更深'],['d']
3267,['更为重要'],['l']
3268,['工会'],['n']
3269,['工具包'],['n']
3270,['工作进度'],['n']
3271,['工作力度'],['n']
3272,['工作人员'],['n']
3273,['工作日程'],['l']
3274,['公共服务'],['n']
3275,['公共利益'],['n']
3276,['功效'],['n']
3277,"['供', '二']","['v', 'm']"
3278,['供应量'],['n']
3279,['供应者'],['n']
3280,['供资'],['vn']
3281,['共'],['d']
3282,"['共', '担']","['d', 'v']"
3283,"['共', '进']","['d', 'v']"
3284,['共同点'],['n']
3285,['共同声明'],['l']
3286,['构成威胁'],['n']
3287,['构架'],['n']
3288,['购买者'],['n']
3289,['估计'],['v']
3290,['固定'],['a']
3291,['顾及'],['v']
3292,['怪圈'],['n']
3293,['关键因素'],['nr']
3294,['观测'],['vn']
3295,['观察'],['v']
3296,['官'],['n']
3297,['管理层'],['n']
3298,['管理机制'],['n']
3299,['管理模式'],['l']
3300,['管理人员'],['n']
3301,['管理水平'],['n']
3302,['管理体系'],['n']
3303,['管理体制'],['n']
3304,['管理中心'],['n']
3305,['管辖权'],['n']
3306,['管制'],['vn']
3307,['广'],['a']
3308,['广义'],['ns']
3309,['归根结底'],['i']
3310,['归还'],['v']
3311,['归结'],['v']
3312,['归纳'],['v']
3313,['规章'],['n']
3314,['规制'],['n']
3315,['国际法'],['n']
3316,['国际海事组织'],['nt']
3317,['国际贸易中心'],['nt']
3318,['国际性'],['n']
3319,['国际原子能机构'],['n']
3320,['国家标准'],['n']
3321,['国家税务'],['n']
3322,['国家银行'],['nz']
3323,['国界'],['n']
3324,['国有银行'],['nt']
3325,['国有资产'],['n']
3326,['国则'],['n']
3327,['过'],['ug']
3328,['过分'],['n']
3329,['过境'],['n']
3330,['过失'],['v']
3331,['过往'],['t']
3332,['过早'],['t']
3333,['过重'],['v']
3334,['还要'],['c']
3335,['海南'],['ns']
3336,['海上运输'],['l']
3337,['海外'],['s']
3338,['海洋污染'],['nz']
3339,['海运'],['n']
3340,['含有'],['v']
3341,['毫不动摇'],['l']
3342,['毫无'],['v']
3343,['好处'],['d']
3344,['好坏'],['v']
3345,['号'],['m']
3346,['合法'],['n']
3347,['合规'],['vn']
3348,['何种'],['r']
3349,"['和', '虑']","['c', 'vg']"
3350,['和平'],['nz']
3351,['河岸'],['s']
3352,['核实'],['n']
3353,['核心内容'],['n']
3354,['红绿灯'],['nr']
3355,['宏观政策'],['n']
3356,['后代'],['t']
3357,['呼声'],['n']
3358,['互补性'],['n']
3359,['互操作性'],['n']
3360,['互动'],['d']
3361,['互惠'],['v']
3362,['互惠互利'],['l']
3363,['护理'],['n']
3364,['滑坡'],['ns']
3365,['环保'],['nz']
3366,['环境标准'],['n']
3367,['环境因素'],['n']
3368,['缓释'],['v']
3369,['唤起'],['v']
3370,['换迎'],['v']
3371,['灰色'],['n']
3372,['回报'],['v']
3373,['回撤'],['v']
3374,['回顾'],['v']
3375,['回升'],['v']
3376,['回收'],['v']
3377,['回首'],['v']
3378,['回应'],['v']
3379,['汇报工作'],['n']
3380,['汇集'],['v']
3381,['会计'],['v']
3382,['会计统计'],['n']
3383,"['会', '为']","['v', 'p']"
3384,"['会', '于']","['v', 'p']"
3385,['豁免权'],['n']
3386,['活跃'],['vn']
3387,"['或', '称']","['c', 'v']"
3388,"['或', '能']","['c', 'v']"
3389,['货币基金'],['l']
3390,['获奖'],['v']
3391,['获取信息'],['l']
3392,['获性'],['n']
3393,['机关'],['n']
3394,['机密'],['n']
3395,['机械'],['n']
3396,['积蓄'],['n']
3397,['基础性'],['n']
3398,['基准利率'],['nz']
3399,['绩效'],['b']
3400,['激发'],['v']
3401,['及格'],['ad']
3402,"['及', '经']","['c', 'n']"
3403,['及要'],['c']
3404,"['及', '于']","['c', 'p']"
3405,['即期'],['d']
3406,['即使'],['c']
3407,['极'],['d']
3408,['极高'],['d']
3409,['极具'],['n']
3410,['极其重要'],['i']
3411,['极为'],['d']
3412,['极为重要'],['i']
3413,['急速'],['d']
3414,['集会'],['n']
3415,['集聚'],['v']
3416,['集资'],['n']
3417,['几代人'],['n']
3418,['几内亚'],['ns']
3419,['计分'],['n']
3420,['计量'],['n']
3421,['计算'],['v']
3422,['计算公式'],['n']
3423,['记者会'],['n']
3424,['纪律'],['n']
3425,['技术创新'],['l']
3426,['技术开发'],['n']
3427,['技术培训'],['n']
3428,['既定'],['b']
3429,['既定目标'],['n']
3430,['既有'],['c']
3431,['济'],['j']
3432,['继承性'],['n']
3433,['继续前进'],['i']
3434,['寄予厚望'],['i']
3435,['加工业'],['n']
3436,['加快进度'],['l']
3437,['加勒比地区'],['ns']
3438,['加密'],['ns']
3439,['加纳'],['v']
3440,['加强力量'],['l']
3441,['加强指导'],['n']
3442,['加权'],['v']
3443,['加上'],['v']
3444,['加油'],['v']
3445,['加征'],['v']
3446,['佳能'],['n']
3447,['家电'],['j']
3448,['家园'],['n']
3449,['假'],['n']
3450,['价格合理'],['n']
3451,['坚实'],['ad']
3452,['坚守'],['v']
3453,['艰苦'],['a']
3454,['监督管理'],['n']
3455,['监督机构'],['n']
3456,['监督者'],['n']
3457,['监管部门'],['n']
3458,['减半'],['v']
3459,['减免'],['v']
3460,['减排'],['v']
3461,['减让'],['v']
3462,['减速'],['v']
3463,['减小'],['v']
3464,['减债'],['v']
3465,['减值'],['v']
3466,['检举'],['v']
3467,['简洁'],['a']
3468,['简要'],['a']
3469,['建立健全'],['nr']
3470,['建立联系'],['n']
3471,['建筑'],['n']
3472,['建筑业'],['n']
3473,['鉴别'],['v']
3474,['将来'],['t']
3475,"['将', '予']","['d', 'v']"
3476,['奖金'],['n']
3477,['降低成本'],['n']
3478,['交互'],['v']
3479,['交换意见'],['l']
3480,['交流经验'],['n']
3481,['交上'],['n']
3482,['交往'],['v']
3483,['交易过程'],['n']
3484,['交易商'],['n']
3485,['交易税'],['n']
3486,['交由'],['n']
3487,['角度'],['n']
3488,['角色'],['n']
3489,['较强'],['d']
3490,['较为'],['d']
3491,['教学方法'],['n']
3492,['教育部长'],['n']
3493,['教育领域'],['n']
3494,['教育权'],['n']
3495,['阶段性'],['n']
3496,['接近'],['v']
3497,['接纳'],['v']
3498,['接下来'],['l']
3499,['接踵而来'],['i']
3500,['节省'],['n']
3501,['结构调整'],['l']
3502,['结构复杂'],['l']
3503,['结核病'],['n']
3504,['结算'],['v']
3505,['结余'],['n']
3506,['截至'],['v']
3507,['解冻'],['v']
3508,['解决目前'],['i']
3509,['介绍'],['v']
3510,['届'],['d']
3511,['届次'],['d']
3512,['届时'],['d']
3513,['界'],['n']
3514,['界定'],['n']
3515,['借机'],['n']
3516,['借鉴'],['v']
3517,['借口'],['n']
3518,['金融交易'],['n']
3519,['仅'],['d']
3520,['仅靠'],['v']
3521,['仅限于'],['l']
3522,"['尽', '己']","['v', 'r']"
3523,['尽量减少'],['i']
3524,['尽全力'],['l']
3525,['紧急措施'],['n']
3526,['紧密联系'],['n']
3527,['紧密相联'],['l']
3528,['紧缩'],['v']
3529,['紧张局势'],['i']
3530,['近'],['a']
3531,['近来'],['t']
3532,['近一半'],['t']
3533,['进'],['v']
3534,['进出口'],['vn']
3535,['进口'],['vn']
3536,['进行谈判'],['n']
3537,['京都'],['ns']
3538,['经济部长'],['n']
3539,['经济大国'],['n']
3540,['经济带'],['n']
3541,['经济犯罪'],['l']
3542,['经济社会'],['n']
3543,['经济衰退'],['l']
3544,['经济效益'],['n']
3545,['经济总量'],['n']
3546,['经历'],['n']
3547,['经验教训'],['n']
3548,['经由'],['p']
3549,['惊人'],['a']
3550,['精炼'],['v']
3551,['精确'],['a']
3552,['精准'],['n']
3553,['净'],['a']
3554,['净收入'],['n']
3555,['竞赛'],['vn']
3556,['境内'],['s']
3557,['境外'],['s']
3558,['九'],['m']
3559,['九大'],['j']
3560,['九个'],['m']
3561,['旧有'],['b']
3562,['旧债'],['n']
3563,['居高不下'],['l']
3564,['居民'],['n']
3565,['举'],['v']
3566,['举报'],['v']
3567,['举动'],['v']
3568,['巨大贡献'],['nr']
3569,['巨大进步'],['nr']
3570,['拒发'],['v']
3571,['具体步骤'],['l']
3572,['具体内容'],['n']
3573,['据'],['p']
3574,['据此'],['d']
3575,['据估计'],['n']
3576,['聚合'],['v']
3577,['聚会'],['n']
3578,['聚首'],['v']
3579,['捐款'],['v']
3580,['捐款者'],['n']
3581,['捐赠'],['v']
3582,['捐助国'],['v']
3583,['决策者'],['n']
3584,['决裂'],['v']
3585,['绝对'],['d']
3586,['喀山'],['ns']
3587,['卡尔德'],['nrt']
3588,['卡梅伦'],['nrf']
3589,['卡塔尔'],['nr']
3590,['开采'],['v']
3591,['开发计划'],['n']
3592,['开放平台'],['nz']
3593,['开放性'],['n']
3594,['开会'],['v']
3595,['开具'],['v']
3596,['开幕'],['v']
3597,['开通'],['v']
3598,['开支'],['v']
3599,['刊发'],['v']
3600,['看到'],['v']
3601,['抗病毒'],['n']
3602,['抗击'],['vn']
3603,['抗菌素'],['nz']
3604,['抗灾'],['vn']
3605,['靠'],['v']
3606,['科技进步'],['n']
3607,['科特迪瓦'],['nrt']
3608,['科学家'],['n']
3609,['科学界'],['n']
3610,"['可得', '性']","['v', 'n']"
3611,"['可', '供']","['v', 'v']"
3612,['可计'],['v']
3613,['可逆'],['v']
3614,['可视'],['v']
3615,['可信性'],['n']
3616,"['可', '选']","['v', 'zg']"
3617,['克拉斯'],['nrt']
3618,['恪守'],['v']
3619,['课程'],['n']
3620,['课税'],['n']
3621,['空白'],['n']
3622,['空缺'],['a']
3623,['恐怖分子'],['n']
3624,['控制措施'],['n']
3625,['苦难'],['a']
3626,['库'],['n']
3627,['库存'],['n']
3628,['快速增长'],['n']
3629,['奎尔'],['nrt']
3630,['困境'],['n']
3631,['扩大开放'],['l']
3632,['扩员'],['v']
3633,['扩张性'],['n']
3634,['括号'],['n']
3635,['拉美'],['nz']
3636,['拉诺'],['nrt']
3637,['兰德尔'],['nr']
3638,['蓝色'],['n']
3639,['滥用职权'],['l']
3640,['劳动收入'],['n']
3641,['牢固'],['a']
3642,['牢记'],['n']
3643,['老化'],['n']
3644,['累计'],['v']
3645,['厘清'],['vn']
3646,['里'],['f']
3647,['里程碑'],['n']
3648,['里程碑式'],['b']
3649,['理事'],['n']
3650,['理顺'],['v']
3651,['力'],['n']
3652,['力所能及'],['i']
3653,['力争'],['nz']
3654,['历届'],['b']
3655,['立场'],['n']
3656,['立即行动'],['i']
3657,['利比里亚'],['ns']
3658,['利马'],['n']
3659,['例证'],['v']
3660,['连贯性'],['nr']
3661,['连同'],['a']
3662,['连续性'],['n']
3663,['联合会'],['nt']
3664,['联合行动'],['l']
3665,['联合宣言'],['l']
3666,['联络点'],['n']
3667,['联络人'],['n']
3668,['联通'],['nz']
3669,['联网'],['nz']
3670,['炼化'],['vn']
3671,['良好环境'],['l']
3672,['良政'],['n']
3673,['粮'],['n']
3674,['粮价'],['n']
3675,['粮食供应'],['l']
3676,['两天'],['m']
3677,['两种'],['m']
3678,['列报'],['n']
3679,['遴选'],['v']
3680,['零部件'],['mq']
3681,"['零', '愿景']","['m', 'nz']"
3682,['领导层'],['n']
3683,['领先'],['n']
3684,['令'],['v']
3685,['令人鼓舞'],['i']
3686,['另'],['r']
3687,['流行病学'],['n']
3688,['留出'],['v']
3689,['留下'],['v']
3690,['留意'],['v']
3691,['六'],['m']
3692,['龙'],['n']
3693,['卢旺达'],['nr']
3694,['鲁莽'],['nr']
3695,['录'],['zg']
3696,['旅游业'],['n']
3697,['伦伊'],['ns']
3698,['轮'],['zg']
3699,['轮流'],['n']
3700,['马车'],['n']
3701,['马克'],['nr']
3702,['玛雅'],['nr']
3703,['买卖'],['v']
3704,['慢'],['a']
3705,['漫长'],['n']
3706,['盲目'],['n']
3707,['贸易壁垒'],['n']
3708,['贸易国'],['n']
3709,['贸易量'],['n']
3710,['贸易顺差'],['n']
3711,['贸易往来'],['vn']
3712,['没收'],['v']
3713,['梅莱斯'],['nr']
3714,['煤炭'],['nz']
3715,['每次'],['r']
3716,['每季度'],['l']
3717,['每月'],['r']
3718,['美方'],['q']
3719,['美国劳工部'],['nt']
3720,['美欧'],['ns']
3721,['门槛'],['n']
3722,['盟'],['n']
3723,['盟友'],['n']
3724,['蒙大拿'],['nr']
3725,['蒙特利尔'],['ns']
3726,['弥补'],['v']
3727,['米兰'],['ns']
3728,['秘密'],['n']
3729,['秘密性'],['n']
3730,['密切联系'],['l']
3731,['密切协作'],['l']
3732,['免除'],['v']
3733,['免于'],['v']
3734,['面向未来'],['l']
3735,['描述'],['v']
3736,['民生'],['n']
3737,['名'],['q']
3738,['名古屋'],['n']
3739,['名人'],['n']
3740,['名为'],['v']
3741,['明年初'],['t']
3742,['命运'],['n']
3743,['模范'],['n']
3744,['摩洛哥'],['ns']
3745,['莫过于'],['d']
3746,['漠视'],['n']
3747,['墨西哥湾'],['ns']
3748,['默克尔'],['nrt']
3749,"['木', '内']","['n', 'f']"
3750,['目前为止'],['i']
3751,['募集'],['v']
3752,['那'],['r']
3753,['那样'],['r']
3754,['耐药'],['nz']
3755,['男女老幼'],['l']
3756,['男性'],['n']
3757,['难'],['a']
3758,['难忘'],['v']
3759,['难以承受'],['l']
3760,"['内', '年']","['f', 'm']"
3761,['内同'],['n']
3762,['能否'],['v']
3763,"['能', '为']","['v', 'p']"
3764,['尼日利亚'],['ns']
3765,['拟于'],['v']
3766,['逆转'],['v']
3767,"['年', '版']","['m', 'n']"
3768,['年份'],['n']
3769,['年龄'],['n']
3770,['年内'],['t']
3771,['年长'],['n']
3772,['凝聚力'],['n']
3773,['纽约'],['nz']
3774,['农村妇女'],['n']
3775,['农林'],['n']
3776,['农业部门'],['n']
3777,['努力提高'],['nrt']
3778,['疟疾'],['n']
3779,['诺特'],['nrt']
3780,['欧元'],['nz']
3781,['排除障碍'],['n']
3782,['排放量'],['n']
3783,['排他性'],['n']
3784,['攀升'],['v']
3785,['判别'],['v']
3786,['庞大'],['a']
3787,['抛弃'],['v']
3788,['陪伴'],['n']
3789,['配合'],['v']
3790,['配套'],['a']
3791,['烹饪'],['v']
3792,['蓬勃发展'],['i']
3793,['膨胀'],['v']
3794,['偏远地区'],['ns']
3795,['片区'],['n']
3796,['贫富'],['a']
3797,['贫困家庭'],['n']
3798,['贫困者'],['n']
3799,['平等权利'],['l']
3800,['平等性'],['n']
3801,['平民百姓'],['n']
3802,['平息'],['n']
3803,['评论'],['n']
3804,['迫切'],['a']
3805,['破产法'],['n']
3806,['破解'],['v']
3807,['普遍认为'],['l']
3808,"['普惠', '性']","['nz', 'n']"
3809,['普通'],['nz']
3810,['七'],['m']
3811,['七十多年'],['m']
3812,['期限内'],['n']
3813,"['其', '为']","['r', 'p']"
3814,['其以'],['c']
3815,"['其', '应']","['r', 'v']"
3816,['其余'],['r']
3817,['企业界'],['n']
3818,['启动资金'],['l']
3819,['起初'],['d']
3820,['起色'],['n']
3821,['气温'],['n']
3822,['迄已'],['d']
3823,['契合'],['v']
3824,['契机'],['n']
3825,['千百万'],['m']
3826,['牵头'],['v']
3827,['牵线搭桥'],['n']
3828,['签证'],['v']
3829,['签字国'],['n']
3830,['前进'],['v']
3831,['前途'],['n']
3832,"['前', '未']","['f', 'd']"
3833,['前线'],['n']
3834,['潜能'],['v']
3835,['潜逃'],['v']
3836,['谴责'],['v']
3837,['强'],['a']
3838,['强力'],['n']
3839,['强烈建议'],['l']
3840,['强迫'],['a']
3841,['强硬'],['a']
3842,['强硬手段'],['n']
3843,['强制'],['v']
3844,['撬动'],['v']
3845,['窃取'],['v']
3846,['侵犯'],['v']
3847,['侵害'],['v']
3848,['勤勉'],['ad']
3849,['轻重缓急'],['z']
3850,['倾向'],['v']
3851,['清醒认识'],['l']
3852,['情形'],['n']
3853,['情绪'],['n']
3854,['穷人'],['n']
3855,['求职者'],['n']
3856,['区别性'],['n']
3857,['区域合作'],['n']
3858,['驱动'],['vn']
3859,['屈人'],['n']
3860,['趋好'],['v']
3861,['趋缓'],['v']
3862,['趋于'],['v']
3863,['取得成效'],['i']
3864,['取决于'],['v']
3865,['全部内容'],['n']
3866,['全程'],['n']
3867,['全力'],['n']
3868,['全面性'],['n']
3869,['全文如下'],['l']
3870,['全新'],['d']
3871,['权'],['n']
3872,['权属'],['n']
3873,['权威'],['nr']
3874,['权限'],['n']
3875,['权益'],['n']
3876,['缺少'],['v']
3877,['确保安全'],['ns']
3878,['确实'],['ad']
3879,['热烈响应'],['n']
3880,['热源'],['n']
3881,['人才流动'],['i']
3882,['人工智能'],['nz']
3883,['人均'],['j']
3884,['人力资本'],['l']
3885,['人民币'],['n']
3886,['人身'],['n']
3887,['人为'],['n']
3888,['人物'],['n']
3889,['人选'],['n']
3890,"['人', '要']","['n', 'v']"
3891,['人员伤亡'],['n']
3892,['忍受'],['v']
3893,['认同'],['v']
3894,['认真'],['ad']
3895,['任意'],['v']
3896,['任职'],['v']
3897,['仍远'],['d']
3898,['日本首相'],['n']
3899,['日本政府'],['nt']
3900,['日常'],['d']
3901,['日常生活'],['i']
3902,['日程'],['n']
3903,['日渐'],['d']
3904,"['日', '美']","['m', 'q']"
3905,['日益严重'],['i']
3906,['日益增长'],['n']
3907,"['如', '后']","['v', 'f']"
3908,['如今'],['t']
3909,"['如', '能']","['v', 'v']"
3910,['如期'],['t']
3911,['如期完成'],['l']
3912,['如同'],['d']
3913,['入罪'],['v']
3914,['瑞士'],['ns']
3915,"['若', '能']","['c', 'v']"
3916,['弱点'],['n']
3917,['弱势'],['n']
3918,['撒哈拉沙漠'],['ns']
3919,['萨赫勒'],['nr']
3920,['塞拉利昂'],['ns']
3921,['塞内加尔'],['ns']
3922,['三分之一'],['mq']
3923,['三个'],['m']
3924,['三驾'],['m']
3925,['丧失'],['v']
3926,['森林保护'],['nr']
3927,['杀伤性'],['n']
3928,['沙特阿拉伯'],['ns']
3929,['筛选'],['v']
3930,['伤害'],['a']
3931,['伤亡事故'],['n']
3932,['商业部门'],['n']
3933,['商业化'],['n']
3934,['商业用途'],['n']
3935,['上个月'],['t']
3936,['上规模'],['b']
3937,['上海'],['ns']
3938,['上能'],['v']
3939,['上升'],['v']
3940,['上限'],['v']
3941,['上旬'],['t']
3942,['上游'],['f']
3943,['上作'],['v']
3944,['尚存'],['v']
3945,['稍'],['zg']
3946,['少耕法'],['n']
3947,['设施'],['n']
3948,['社交'],['n']
3949,['涉腐'],['v']
3950,['涉税'],['v']
3951,['申办'],['v']
3952,['申诉'],['v']
3953,['身处'],['s']
3954,['深表'],['n']
3955,['深刻'],['d']
3956,['深入分析'],['l']
3957,['深水'],['ns']
3958,['深信'],['nz']
3959,['深远影响'],['i']
3960,['深知'],['v']
3961,['审计'],['v']
3962,['审评'],['v']
3963,['升幅'],['n']
3964,['升级'],['vn']
3965,['升值'],['v']
3966,['生产型'],['n']
3967,['生产性'],['n']
3968,['生活费'],['vn']
3969,['生长'],['n']
3970,['声音'],['n']
3971,['胜利'],['vn']
3972,['胜利者'],['n']
3973,['盛行'],['v']
3974,['剩下'],['v']
3975,['失败'],['v']
3976,['失常'],['a']
3977,['失调'],['v']
3978,['失去'],['v']
3979,['失误'],['v']
3980,['失效'],['a']
3981,['施策'],['nr']
3982,['施加'],['v']
3983,['施行'],['v']
3984,['十分必要'],['l']
3985,['十年'],['m']
3986,['时机成熟'],['l']
3987,['时所'],['n']
3988,"['时', '未']","['ng', 'd']"
3989,['实际行动'],['n']
3990,['实践经验'],['n']
3991,['实力'],['n']
3992,['实物'],['n']
3993,['实效'],['v']
3994,['实用工具'],['n']
3995,['实证'],['v']
3996,['食品安全'],['l']
3997,['食物'],['n']
3998,['食用动物'],['n']
3999,['始于'],['d']
4000,['始终'],['d']
4001,['世博会'],['n']
4002,['世界各地'],['l']
4003,['市场供应'],['n']
4004,['市场运作'],['n']
4005,['示范'],['v']
4006,['式'],['k']
4007,['事关'],['n']
4008,['势不可挡'],['i']
4009,['视频会议'],['n']
4010,['试产'],['vn']
4011,['适度'],['a']
4012,['适宜'],['a']
4013,['适用性'],['n']
4014,['收到'],['v']
4015,['收紧'],['v']
4016,['收据'],['n']
4017,['收容'],['n']
4018,['手册'],['n']
4019,['首'],['m']
4020,['首届'],['m']
4021,['首批'],['m']
4022,['首席'],['n']
4023,['首相'],['d']
4024,['受欢迎'],['v']
4025,['受贿'],['v']
4026,['受托人'],['n']
4027,['受限于'],['l']
4028,['受限制'],['n']
4029,['受益者'],['n']
4030,['受援国'],['n']
4031,['受灾'],['v']
4032,['兽医'],['n']
4033,['兽用'],['n']
4034,['授予'],['v']
4035,['书'],['n']
4036,['输出'],['v']
4037,['输入国'],['n']
4038,['属性'],['n']
4039,['属于'],['v']
4040,['树立'],['v']
4041,['数百万'],['m']
4042,['数百万个'],['m']
4043,['数量型'],['n']
4044,['数日里'],['m']
4045,"['数', '以']","['m', 'f']"
4046,['数以百万计'],['i']
4047,['数以千万计'],['i']
4048,['数字通信'],['n']
4049,['双'],['n']
4050,['双边合作'],['n']
4051,"['双', '免']","['m', 'v']"
4052,['双重'],['n']
4053,['水稻'],['n']
4054,"['水', '是']","['n', 'v']"
4055,['水资源'],['n']
4056,['税法'],['n']
4057,['税款'],['n']
4058,['税率'],['n']
4059,['税收法规'],['n']
4060,['税收法律'],['n']
4061,['说明性'],['n']
4062,['司法独立'],['nr']
4063,['私人机构'],['n']
4064,['私营企业'],['n']
4065,['私有'],['b']
4066,['私有财产'],['l']
4067,['私有化'],['n']
4068,['思考'],['v']
4069,['思路'],['n']
4070,['思想'],['n']
4071,['斯'],['nr']
4072,['四'],['m']
4073,['四次'],['m']
4074,['四年'],['m']
4075,['搜集'],['v']
4076,['苏丹'],['ns']
4077,['苏格兰'],['ns']
4078,['诉讼'],['vn']
4079,['素养'],['n']
4080,['速度'],['n']
4081,['塑料'],['nz']
4082,['随'],['v']
4083,['随之'],['p']
4084,['碎片'],['n']
4085,"['所', '处']","['c', 'n']"
4086,['所附'],['v']
4087,"['所', '获']","['u', 'v']"
4088,"['所', '能']","['c', 'v']"
4089,['所扰'],['v']
4090,"['所', '提']","['u', 'v']"
4091,['所在'],['b']
4092,['所致'],['c']
4093,['索马里'],['nr']
4094,['她们'],['r']
4095,['塔'],['j']
4096,['塔斯社'],['nr']
4097,['拓宽'],['nr']
4098,['拓宽渠道'],['nr']
4099,"['太大', '而']","['j', 'c']"
4100,['太多人'],['nrt']
4101,"['谈', '签']","['v', 'v']"
4102,['特点'],['n']
4103,['特惠'],['nr']
4104,['特朗普'],['nr']
4105,['特设'],['n']
4106,['特殊使命'],['n']
4107,['特性'],['n']
4108,['提案'],['v']
4109,['提高效率'],['n']
4110,['提及'],['v']
4111,['提醒'],['v']
4112,['体育赛事'],['n']
4113,['替'],['p']
4114,['替代'],['n']
4115,['填补'],['v']
4116,['挑起'],['v']
4117,['挑战性'],['n']
4118,['条件成熟'],['l']
4119,['条约'],['n']
4120,['厅'],['n']
4121,['停止'],['v']
4122,['通畅'],['a']
4123,['通力合作'],['l']
4124,['通缩'],['j']
4125,['通向'],['n']
4126,['通用'],['v']
4127,['同步进行'],['j']
4128,"['同', '二']","['p', 'm']"
4129,['同非'],['c']
4130,"['同', '为']","['p', 'p']"
4131,['同一'],['b']
4132,['统称'],['v']
4133,['统一标准'],['n']
4134,['统一战线'],['l']
4135,['投放'],['v']
4136,['投资银行'],['n']
4137,['投资总额'],['n']
4138,['突尼斯'],['ns']
4139,['土地'],['n']
4140,['土壤肥力'],['n']
4141,['团结'],['a']
4142,['团结合作'],['n']
4143,['团体'],['n']
4144,['推动力'],['n']
4145,['推进改革'],['l']
4146,['退'],['v']
4147,"['退', '群']","['v', 'q']"
4148,['脱颖而出'],['i']
4149,['外国人'],['n']
4150,['外汇市场'],['n']
4151,['外界'],['n']
4152,['外商'],['n']
4153,['外长'],['n']
4154,['顽固'],['a']
4155,['晚些时候'],['t']
4156,['万'],['m']
4157,"['万', '人']","['m', 'n']"
4158,"['万', '至']","['m', 'p']"
4159,['网络设备'],['n']
4160,['往来'],['t']
4161,['危急'],['a']
4162,['微观'],['n']
4163,['围堵'],['v']
4164,['违背'],['v']
4165,['违法'],['vn']
4166,['违法行为'],['l']
4167,['唯一'],['b']
4168,['唯有'],['b']
4169,['帷幕'],['n']
4170,['尾部'],['n']
4171,['委派'],['n']
4172,['卫生保健'],['nr']
4173,['卫生领域'],['n']
4174,['卫生事件'],['n']
4175,['为什么'],['r']
4176,['为主'],['v']
4177,['未结算'],['v']
4178,['未决'],['v']
4179,['未预料到'],['l']
4180,['位置'],['v']
4181,['文章'],['n']
4182,['稳步'],['d']
4183,['稳固'],['a']
4184,['无差别'],['i']
4185,['无论是'],['c']
4186,['无人'],['n']
4187,['五'],['m']
4188,['五方面'],['mq']
4189,['五个'],['m']
4190,['武器'],['n']
4191,['务求'],['v']
4192,['吸取'],['v']
4193,['西非国家'],['l']
4194,['希尔德'],['nrt']
4195,['希腊政府'],['nt']
4196,['牺牲'],['v']
4197,['习得'],['nz']
4198,['习近平'],['nrfg']
4199,['下半年'],['t']
4200,"['下', '步']","['f', 'n']"
4201,['下大力气'],['l']
4202,['下非'],['v']
4203,['下加利福尼亚州'],['ns']
4204,['夏季'],['t']
4205,['先后顺序'],['i']
4206,['闲置'],['n']
4207,['贤人'],['n']
4208,['显'],['v']
4209,['显而易见'],['i']
4210,['显现出'],['v']
4211,['险境'],['n']
4212,['现货'],['n']
4213,['现阶段'],['t']
4214,['现金'],['n']
4215,['现状'],['n']
4216,['线下'],['n']
4217,['限额'],['n']
4218,['限时'],['n']
4219,['献计献策'],['n']
4220,['乡村'],['n']
4221,['相称'],['v']
4222,['相当'],['d']
4223,['相得益彰'],['v']
4224,['相符'],['v']
4225,['相关度'],['l']
4226,['相关者'],['n']
4227,['相互合作'],['l']
4228,['相互交织'],['l']
4229,['相互配合'],['l']
4230,['相互影响'],['l']
4231,['相互支持'],['i']
4232,['相互尊重'],['l']
4233,['相似'],['v']
4234,['相同'],['d']
4235,['详见'],['a']
4236,['详尽'],['a']
4237,['想'],['v']
4238,['向世卫'],['nr']
4239,['消费行为'],['n']
4240,['消减'],['v']
4241,['销售'],['vn']
4242,['小岛屿'],['nr']
4243,['小额'],['n']
4244,['小儿麻痹症'],['n']
4245,['小规模'],['b']
4246,['小康生活'],['nr']
4247,['小麦'],['n']
4248,['小生产者'],['n']
4249,['小业主'],['n']
4250,['效力'],['n']
4251,['校准'],['n']
4252,['协同工作'],['n']
4253,['写'],['v']
4254,['懈怠'],['a']
4255,['辛勤'],['nr']
4256,['新德里'],['nrt']
4257,['新发明'],['nz']
4258,['新机制'],['n']
4259,['新技能'],['n']
4260,['新建'],['ns']
4261,['新近'],['t']
4262,['新任'],['n']
4263,"['新', '设']","['a', 'v']"
4264,['新途径'],['n']
4265,['新兴势力'],['i']
4266,['新债'],['n']
4267,['新政府'],['nt']
4268,['信号'],['n']
4269,['信守'],['n']
4270,['信息安全'],['nz']
4271,['信息库'],['n']
4272,['刑事'],['b']
4273,['行贿人'],['n']
4274,['行期'],['n']
4275,['行事'],['n']
4276,['行政部门'],['n']
4277,['性别差异'],['n']
4278,['休戚相关'],['i']
4279,['修补'],['v']
4280,['修改'],['v']
4281,['修正案'],['n']
4282,['需承担'],['n']
4283,['需对'],['v']
4284,['需向'],['v']
4285,['许下'],['m']
4286,['选出'],['v']
4287,['选举'],['v']
4288,['选区'],['n']
4289,['削减'],['v']
4290,['学生'],['n']
4291,['学术界'],['n']
4292,['学徒'],['n']
4293,['学者'],['n']
4294,['雪上加霜'],['i']
4295,['寻回'],['v']
4296,['寻找机会'],['l']
4297,['迅速行动'],['nz']
4298,['亚太经合组织'],['nt']
4299,['严峻形势'],['i']
4300,['言出必行'],['i']
4301,['沿着'],['p']
4302,['研究成果'],['n']
4303,['研究员'],['n']
4304,['研讨'],['vn']
4305,['演变'],['v']
4306,['验证'],['v']
4307,['养活'],['vn']
4308,['养老金'],['nr']
4309,['要点'],['n']
4310,['也门'],['d']
4311,['野村'],['n']
4312,['业绩'],['n']
4313,['业已'],['d']
4314,['一般'],['a']
4315,['一倍'],['m']
4316,['一代人'],['n']
4317,['一段时间'],['l']
4318,['一贯'],['m']
4319,['一环'],['nz']
4320,['一类'],['m']
4321,['一俟'],['nrt']
4322,"['一', '是']","['m', 'v']"
4323,['一堂'],['m']
4324,['一味'],['m']
4325,['一线'],['m']
4326,['一整套'],['m']
4327,['一致意见'],['i']
4328,['一组'],['m']
4329,['伊始'],['nz']
4330,['伊斯坦布尔'],['nrt']
4331,['医师'],['n']
4332,['医学'],['n']
4333,['依'],['d']
4334,['依赖性'],['n']
4335,['依托'],['v']
4336,['依照'],['p']
4337,"['已', '使']","['d', 'v']"
4338,"['以', '供']","['p', 'n']"
4339,['以利于'],['v']
4340,['以求'],['v']
4341,"['以', '速']","['p', 'n']"
4342,['忆及'],['v']
4343,"['异', '于']","['zg', 'p']"
4344,['易发'],['nz']
4345,['疫情'],['n']
4346,['意料之外'],['l']
4347,['意想不到'],['l']
4348,['意志'],['n']
4349,['因而'],['c']
4350,['银发'],['n']
4351,['银行行长'],['n']
4352,['引起'],['v']
4353,['应付'],['vn']
4354,"['应', '能']","['v', 'v']"
4355,['应为'],['v']
4356,"['应', '向']","['v', 'p']"
4357,['应邀'],['v']
4358,"['应', '以']","['v', 'p']"
4359,['英国首相'],['nz']
4360,['鹰谷'],['n']
4361,['迎接'],['v']
4362,['盈利'],['n']
4363,['永久'],['d']
4364,['永久化'],['nr']
4365,['用工'],['n']
4366,['用水'],['n']
4367,['用途'],['n']
4368,['优选'],['v']
4369,['优质'],['n']
4370,['忧虑'],['v']
4371,['由此'],['c']
4372,"['由', '原']","['p', 'n']"
4373,['有权'],['n']
4374,['有史以来'],['l']
4375,['有效率'],['n']
4376,['有效途径'],['l']
4377,['有用'],['v']
4378,['有着'],['v']
4379,"['于', '民']","['p', 'n']"
4380,['余下'],['m']
4381,['渔业'],['nz']
4382,['逾'],['vg']
4383,['舆论'],['n']
4384,['与此相关'],['l']
4385,['玉米'],['nr']
4386,['育婴'],['nrt']
4387,['预案'],['n']
4388,['预测值'],['n']
4389,['预警系统'],['n']
4390,['预料'],['n']
4391,['预料不到'],['l']
4392,['原油'],['n']
4393,['原则上'],['d']
4394,['原则性'],['d']
4395,"['援', '粮']","['vg', 'n']"
4396,['源泉'],['nz']
4397,['源于'],['v']
4398,['远见'],['v']
4399,['远离'],['v']
4400,['远远不够'],['nr']
4401,['愿'],['v']
4402,['愿同'],['v']
4403,['愿望'],['v']
4404,['愿意'],['v']
4405,['约束力'],['n']
4406,['越'],['d']
4407,['越大'],['d']
4408,['越来越'],['d']
4409,['蕴含'],['v']
4410,['灾害'],['n']
4411,['灾难'],['n']
4412,['再次出现'],['v']
4413,['再次发生'],['i']
4414,"['再', '会']","['d', 'v']"
4415,['再行'],['v']
4416,"['再', '作']","['d', 'v']"
4417,['在上文'],['v']
4418,['在线'],['b']
4419,['载重'],['b']
4420,['暂'],['d']
4421,['早'],['a']
4422,['早日'],['t']
4423,['责任感'],['n']
4424,['增大'],['v']
4425,['增加一倍'],['l']
4426,['增势'],['n']
4427,['扎实'],['a']
4428,['债权'],['n']
4429,['债务国'],['n']
4430,['展望未来'],['nr']
4431,['展现出'],['v']
4432,['战后'],['t']
4433,['战胜'],['n']
4434,['站'],['v']
4435,['站稳脚跟'],['n']
4436,['长久'],['d']
4437,['长期化'],['l']
4438,['长期性'],['n']
4439,['长效'],['a']
4440,['障碍性'],['n']
4441,['招聘'],['v']
4442,['找寻'],['v']
4443,['召集'],['v']
4444,['照搬'],['v']
4445,['这笔'],['r']
4446,['这届'],['r']
4447,"['这', '需']","['r', 'v']"
4448,['着眼'],['d']
4449,['著名'],['a']
4450,['侦查'],['v']
4451,['珍稀'],['a']
4452,['真空'],['n']
4453,['真理'],['n']
4454,['诊疗'],['v']
4455,['缜密'],['a']
4456,['振兴'],['v']
4457,['征求意见'],['v']
4458,['整理'],['n']
4459,['整体健康'],['l']
4460,['整体性'],['b']
4461,['正面'],['ad']
4462,['正确方向'],['n']
4463,['正试图'],['n']
4464,['正文'],['nz']
4465,['正向'],['d']
4466,['证据'],['n']
4467,['证券业'],['n']
4468,['证实'],['n']
4469,"['之', '兵']","['u', 'n']"
4470,"['之', '机']","['u', 'n']"
4471,"['之', '苦']","['u', 'a']"
4472,['之内'],['f']
4473,"['之', '人']","['u', 'n']"
4474,['之上'],['f']
4475,"['之', '势']","['u', 'ng']"
4476,['之外'],['f']
4477,['知悉'],['v']
4478,['执行程序'],['n']
4479,['执行机构'],['n']
4480,['执行者'],['n']
4481,['执业'],['n']
4482,['直接参与'],['i']
4483,['值此'],['nz']
4484,['职权范围'],['n']
4485,['职位'],['n']
4486,['职业生涯'],['n']
4487,['职员'],['n']
4488,['植根于'],['l']
4489,['止步'],['d']
4490,['只'],['d']
4491,['指出'],['v']
4492,['指导方针'],['n']
4493,['指导性'],['n']
4494,['指控'],['vn']
4495,['指派'],['n']
4496,['指引'],['v']
4497,"['至', '晚']","['p', 't']"
4498,['志愿'],['n']
4499,['制定者'],['n']
4500,['制度性'],['n']
4501,['制品'],['n']
4502,['制约性'],['n']
4503,['制止'],['v']
4504,['致使'],['v']
4505,['致谢'],['v']
4506,['智囊团'],['n']
4507,['智能'],['n']
4508,['滞后'],['v']
4509,"['中', '不', '受']","['f', 'd', 'v']"
4510,['中东地区'],['ns']
4511,['中坚力量'],['n']
4512,['中能'],['j']
4513,['中前'],['t']
4514,['中枢'],['n']
4515,"['中', '所']","['f', 'c']"
4516,"['中所', '作']","['j', 'n']"
4517,"['中', '为']","['f', 'p']"
4518,['中文版'],['nz']
4519,"['中', '应']","['f', 'v']"
4520,['终止'],['v']
4521,['种种'],['q']
4522,['重返家园'],['n']
4523,['重犯'],['n']
4524,['重复'],['d']
4525,['重复劳动'],['l']
4526,['重启'],['v']
4527,['重任在肩'],['i']
4528,['重塑'],['n']
4529,['重新制定'],['n']
4530,"['重', '在']","['a', 'p']"
4531,['周边'],['f']
4532,['周年'],['t']
4533,['逐年'],['d']
4534,['主办国'],['n']
4535,['主持'],['v']
4536,['主导作用'],['n']
4537,['主动性'],['b']
4538,['主管部门'],['n']
4539,['主流'],['b']
4540,['主任'],['b']
4541,['主题'],['n']
4542,['助贫'],['b']
4543,['助长'],['n']
4544,['注册'],['v']
4545,['注重实效'],['n']
4546,['注资'],['v']
4547,['祝贺'],['nr']
4548,['抓手'],['v']
4549,['专利税'],['n']
4550,['专门机构'],['n']
4551,['专业'],['n']
4552,['专业知识'],['n']
4553,['专职'],['n']
4554,['转移性'],['n']
4555,['转用'],['v']
4556,['追'],['v']
4557,['追加'],['v']
4558,['追究'],['v']
4559,['追赃'],['v']
4560,['准备金'],['n']
4561,['准确性'],['n']
4562,['桌面'],['n']
4563,['姿态'],['n']
4564,['资本密集型'],['n']
4565,['资格'],['n']
4566,['资金流'],['n']
4567,['资料'],['n']
4568,['资源分配'],['n']
4569,['自从'],['p']
4570,['自古以来'],['l']
4571,['自荐'],['v']
4572,['自满'],['a']
4573,['自贸区'],['l']
4574,['自始至终'],['l']
4575,['自我'],['r']
4576,['自行'],['r']
4577,['自由度'],['d']
4578,['自由市场'],['n']
4579,['子'],['ng']
4580,['总部'],['n']
4581,['总额'],['n']
4582,['总结性'],['n']
4583,['总金额'],['n']
4584,['总理'],['n']
4585,['总体而言'],['c']
4586,['总则'],['n']
4587,['总值'],['n']
4588,['走'],['v']
4589,['走出'],['v']
4590,['足以'],['v']
4591,['组成员'],['l']
4592,['组建'],['v']
4593,['组织协调'],['n']
4594,['钻井'],['n']
4595,['最迟在'],['z']
4596,['最初'],['t']
4597,['最前沿'],['s']
4598,['最强'],['a']
4599,"['最', '受']","['d', 'v']"
4600,['最小限度'],['l']
4601,['作出努力'],['n']
4602,['作贡献'],['n']
4603,['作好'],['v']
4604,"['做', '实']","['v', 'v']"
